<metadata xml:lang="en"><Esri><CreaDate>20130504</CreaDate><CreaTime>20310900</CreaTime><ArcGISFormat>1.0</ArcGISFormat><ArcGISstyle>ISO 19139 Metadata Implementation Specification</ArcGISstyle><SyncOnce>FALSE</SyncOnce><DataProperties><lineage><Process ToolSource="c:\program files (x86)\arcgis\desktop10.1\ArcToolbox\Toolboxes\Data Management Tools.tbx\CalculateField" Date="20130504" Time="203109">CalculateField National_Constituency_with_Projected_2010_Population Pop_2010_E [SUM] VB #</Process><Process ToolSource="c:\program files (x86)\arcgis\desktop10.1\ArcToolbox\Toolboxes\Data Management Tools.tbx\CalculateField" Date="20130504" Time="203158">CalculateField National_Constituency_with_Projected_2010_Population Pop_2010_E [SUM] VB #</Process><Process ToolSource="c:\program files (x86)\arcgis\desktop10.1\ArcToolbox\Toolboxes\Data Management Tools.tbx\CalculateField" Date="20140107" Time="093950">CalculateField National_Constituency_with_Projected_2010_Population NA_Cons LTrim( [NA_Cons] ) VB #</Process><Process ToolSource="c:\program files (x86)\arcgis\desktop10.1\ArcToolbox\Toolboxes\Data Management Tools.tbx\CalculateField" Date="20140107" Time="094004">CalculateField National_Constituency_with_Projected_2010_Population District LTrim( [District] ) VB #</Process><Process ToolSource="c:\program files (x86)\arcgis\desktop10.1\ArcToolbox\Toolboxes\Data Management Tools.tbx\CalculateField" Date="20140107" Time="094736">CalculateField National_Constituency_with_Projected_2010_Population Emp_Name "Hassan Ali" VB #</Process><Process ToolSource="c:\program files (x86)\arcgis\desktop10.1\ArcToolbox\Toolboxes\Data Management Tools.tbx\CalculateField" Date="20140702" Time="140302">CalculateField National_Constituency_with_Projected_2010_Population District "Mohmand Agency" VB #</Process><Process ToolSource="c:\program files (x86)\arcgis\desktop10.1\ArcToolbox\Toolboxes\Data Management Tools.tbx\CalculateField" Date="20141202" Time="095201">CalculateField National_Constituency_with_Projected_2010_Population District "NANKANA SAHIB" VB #</Process><Process ToolSource="c:\program files (x86)\arcgis\desktop10.1\ArcToolbox\Toolboxes\Data Management Tools.tbx\CalculateField" Date="20150218" Time="163447">CalculateField National_Constituency_with_Projected_2010_Population District Bahawalnagar VB #</Process><Process ToolSource="c:\program files (x86)\arcgis\desktop10.1\ArcToolbox\Toolboxes\Data Management Tools.tbx\CalculateField" Date="20150218" Time="163500">CalculateField National_Constituency_with_Projected_2010_Population District "Bahawalnagar" VB #</Process><Process ToolSource="c:\program files (x86)\arcgis\desktop10.1\ArcToolbox\Toolboxes\Conversion Tools.tbx\FeatureClassToFeatureClass" Date="20150409" Time="105807">FeatureClassToFeatureClass "C:\Users\Muneeb\Desktop\Final UC\UNION COUNCIL\National_Constituency_with_Projected_2010_Population.shp" "C:\Users\Muneeb\Desktop\Final UC\GEO DATA ADMINBDY\ADMINBDY.gdb\DATA" National_Constituency_with_Projected_2010_Population # "Id "Id" true true false 6 Long 0 6 ,First,#,C:\Users\Muneeb\Desktop\Final UC\UNION COUNCIL\National_Constituency_with_Projected_2010_Population.shp,Id,-1,-1;NA_Cons "NA_Cons" true true false 50 Text 0 0 ,First,#,C:\Users\Muneeb\Desktop\Final UC\UNION COUNCIL\National_Constituency_with_Projected_2010_Population.shp,NA_Cons,-1,-1;WON "WON" true true false 50 Text 0 0 ,First,#,C:\Users\Muneeb\Desktop\Final UC\UNION COUNCIL\National_Constituency_with_Projected_2010_Population.shp,WON,-1,-1;District "District" true true false 50 Text 0 0 ,First,#,C:\Users\Muneeb\Desktop\Final UC\UNION COUNCIL\National_Constituency_with_Projected_2010_Population.shp,District,-1,-1;Preovence "Preovence" true true false 50 Text 0 0 ,First,#,C:\Users\Muneeb\Desktop\Final UC\UNION COUNCIL\National_Constituency_with_Projected_2010_Population.shp,Preovence,-1,-1;AREA "AREA" true true false 13 Float 0 0 ,First,#,C:\Users\Muneeb\Desktop\Final UC\UNION COUNCIL\National_Constituency_with_Projected_2010_Population.shp,AREA,-1,-1;Pop_2010_E "Pop_2010_E" true true false 13 Float 0 0 ,First,#,C:\Users\Muneeb\Desktop\Final UC\UNION COUNCIL\National_Constituency_with_Projected_2010_Population.shp,Pop_2010_E,-1,-1;Emp_Name "Emp_Name" true true false 50 Text 0 0 ,First,#,C:\Users\Muneeb\Desktop\Final UC\UNION COUNCIL\National_Constituency_with_Projected_2010_Population.shp,Emp_Name,-1,-1" #</Process><Process ToolSource="c:\program files (x86)\arcgis\desktop10.1\ArcToolbox\Toolboxes\Data Management Tools.tbx\CalculateField" Date="20150415" Time="092220">CalculateField National_Constituency_with_Projected_2010_Population District "JAMSHORO" VB #</Process><Process ToolSource="c:\program files (x86)\arcgis\desktop10.1\ArcToolbox\Toolboxes\Conversion Tools.tbx\FeatureClassToFeatureClass" Date="20150804" Time="130628">FeatureClassToFeatureClass "C:\Users\Muneeb\Desktop\Final UC\GEO DATA ADMINBDY\ADMINBDY.gdb\DATA\National_Constituency_with_Projected_2010_Population" "D:\BACKUP FILES\ALL ALHASAN GEO DATABASE\GEO DATA\Data.gdb\Adminbdy" National_Constituency_with_Projected_2010_Population_Update # "Id "Id" true true false 4 Long 0 0 ,First,#,C:\Users\Muneeb\Desktop\Final UC\GEO DATA ADMINBDY\ADMINBDY.gdb\DATA\National_Constituency_with_Projected_2010_Population,Id,-1,-1;NA_Cons "NA_Cons" true true false 50 Text 0 0 ,First,#,C:\Users\Muneeb\Desktop\Final UC\GEO DATA ADMINBDY\ADMINBDY.gdb\DATA\National_Constituency_with_Projected_2010_Population,NA_Cons,-1,-1;WON "WON" true true false 50 Text 0 0 ,First,#,C:\Users\Muneeb\Desktop\Final UC\GEO DATA ADMINBDY\ADMINBDY.gdb\DATA\National_Constituency_with_Projected_2010_Population,WON,-1,-1;District "District" true true false 50 Text 0 0 ,First,#,C:\Users\Muneeb\Desktop\Final UC\GEO DATA ADMINBDY\ADMINBDY.gdb\DATA\National_Constituency_with_Projected_2010_Population,District,-1,-1;Preovence "Preovence" true true false 50 Text 0 0 ,First,#,C:\Users\Muneeb\Desktop\Final UC\GEO DATA ADMINBDY\ADMINBDY.gdb\DATA\National_Constituency_with_Projected_2010_Population,Preovence,-1,-1;AREA "AREA" true true false 4 Float 0 0 ,First,#,C:\Users\Muneeb\Desktop\Final UC\GEO DATA ADMINBDY\ADMINBDY.gdb\DATA\National_Constituency_with_Projected_2010_Population,AREA,-1,-1;Pop_2010_E "Pop_2010_E" true true false 4 Float 0 0 ,First,#,C:\Users\Muneeb\Desktop\Final UC\GEO DATA ADMINBDY\ADMINBDY.gdb\DATA\National_Constituency_with_Projected_2010_Population,Pop_2010_E,-1,-1;Emp_Name "Emp_Name" true true false 50 Text 0 0 ,First,#,C:\Users\Muneeb\Desktop\Final UC\GEO DATA ADMINBDY\ADMINBDY.gdb\DATA\National_Constituency_with_Projected_2010_Population,Emp_Name,-1,-1;Shape_Length "Shape_Length" false true true 8 Double 0 0 ,First,#,C:\Users\Muneeb\Desktop\Final UC\GEO DATA ADMINBDY\ADMINBDY.gdb\DATA\National_Constituency_with_Projected_2010_Population,Shape_Length,-1,-1;Shape_Area "Shape_Area" false true true 8 Double 0 0 ,First,#,C:\Users\Muneeb\Desktop\Final UC\GEO DATA ADMINBDY\ADMINBDY.gdb\DATA\National_Constituency_with_Projected_2010_Population,Shape_Area,-1,-1" #</Process><Process ToolSource="c:\program files (x86)\arcgis\desktop10.1\ArcToolbox\Toolboxes\Conversion Tools.tbx\FeatureClassToFeatureClass" Date="20170803" Time="194159">FeatureClassToFeatureClass "D:\BACKUP FILES\ALL ALHASAN GEO DATABASE\GEO DATA\Data.gdb\Adminbdy\National_Constituency_with_Projected_2010_Population_Update" "D:\ALHASAN PUBLIC DATABASE\Geodatabase.gdb\Pakistan_Alhasan_Systems" National_Constituency_with_Projected_2010_Population # "Id "Id" true true false 4 Long 0 0 ,First,#,D:\BACKUP FILES\ALL ALHASAN GEO DATABASE\GEO DATA\Data.gdb\Adminbdy\National_Constituency_with_Projected_2010_Population_Update,Id,-1,-1;NA_Cons "NA_Cons" true true false 50 Text 0 0 ,First,#,D:\BACKUP FILES\ALL ALHASAN GEO DATABASE\GEO DATA\Data.gdb\Adminbdy\National_Constituency_with_Projected_2010_Population_Update,NA_Cons,-1,-1;WON "WON" true true false 50 Text 0 0 ,First,#,D:\BACKUP FILES\ALL ALHASAN GEO DATABASE\GEO DATA\Data.gdb\Adminbdy\National_Constituency_with_Projected_2010_Population_Update,WON,-1,-1;District "District" true true false 50 Text 0 0 ,First,#,D:\BACKUP FILES\ALL ALHASAN GEO DATABASE\GEO DATA\Data.gdb\Adminbdy\National_Constituency_with_Projected_2010_Population_Update,District,-1,-1;Preovence "Preovence" true true false 50 Text 0 0 ,First,#,D:\BACKUP FILES\ALL ALHASAN GEO DATABASE\GEO DATA\Data.gdb\Adminbdy\National_Constituency_with_Projected_2010_Population_Update,Preovence,-1,-1;AREA "AREA" true true false 4 Float 0 0 ,First,#,D:\BACKUP FILES\ALL ALHASAN GEO DATABASE\GEO DATA\Data.gdb\Adminbdy\National_Constituency_with_Projected_2010_Population_Update,AREA,-1,-1;Pop_2010_E "Pop_2010_E" true true false 4 Float 0 0 ,First,#,D:\BACKUP FILES\ALL ALHASAN GEO DATABASE\GEO DATA\Data.gdb\Adminbdy\National_Constituency_with_Projected_2010_Population_Update,Pop_2010_E,-1,-1;Emp_Name "Emp_Name" true true false 50 Text 0 0 ,First,#,D:\BACKUP FILES\ALL ALHASAN GEO DATABASE\GEO DATA\Data.gdb\Adminbdy\National_Constituency_with_Projected_2010_Population_Update,Emp_Name,-1,-1;Shape_Length "Shape_Length" false true true 8 Double 0 0 ,First,#,D:\BACKUP FILES\ALL ALHASAN GEO DATABASE\GEO DATA\Data.gdb\Adminbdy\National_Constituency_with_Projected_2010_Population_Update,Shape_Length,-1,-1;Shape_Area "Shape_Area" false true true 8 Double 0 0 ,First,#,D:\BACKUP FILES\ALL ALHASAN GEO DATABASE\GEO DATA\Data.gdb\Adminbdy\National_Constituency_with_Projected_2010_Population_Update,Shape_Area,-1,-1" #</Process><Process ToolSource="c:\program files (x86)\arcgis\desktop10.1\ArcToolbox\Toolboxes\Data Management Tools.tbx\CopyFeatures" Date="20170813" Time="135809">CopyFeatures "D:\ALHASAN PUBLIC DATABASE\Pakistan_Geodatabase_Alhasan_Systems.gdb\Pakistan_Geodatabase_Alhasan_Systems\National_Constituency_with_Projected_2010_Population" "D:\ALHASAN PUBLIC DATABASE\Adminbdy Shapefile\National_Constituency_with_Projected_2010_Population.shp" # 0 0 0</Process></lineage><itemProps><itemName Sync="TRUE">National_Constituency_with_Projected_2010_Population</itemName><imsContentType Sync="TRUE">002</imsContentType><itemLocation><linkage Sync="TRUE">file://\\MUNEEB-PC\D$\ALHASAN PUBLIC DATABASE\Adminbdy Shapefile\National_Constituency_with_Projected_2010_Population.shp</linkage><protocol Sync="TRUE">Local Area Network</protocol></itemLocation><itemSize Sync="TRUE">0.000</itemSize></itemProps><coordRef><type Sync="TRUE">Geographic</type><geogcsn Sync="TRUE">GCS_WGS_1984</geogcsn><csUnits Sync="TRUE">Angular Unit: Degree (0.017453)</csUnits><peXml Sync="TRUE">&lt;GeographicCoordinateSystem xsi:type='typens:GeographicCoordinateSystem' xmlns:xsi='http://www.w3.org/2001/XMLSchema-instance' xmlns:xs='http://www.w3.org/2001/XMLSchema' xmlns:typens='http://www.esri.com/schemas/ArcGIS/10.1'&gt;&lt;WKT&gt;GEOGCS[&amp;quot;GCS_WGS_1984&amp;quot;,DATUM[&amp;quot;D_WGS_1984&amp;quot;,SPHEROID[&amp;quot;WGS_1984&amp;quot;,6378137.0,298.257223563]],PRIMEM[&amp;quot;Greenwich&amp;quot;,0.0],UNIT[&amp;quot;Degree&amp;quot;,0.0174532925199433],AUTHORITY[&amp;quot;EPSG&amp;quot;,4326]],VERTCS[&amp;quot;WGS_1984&amp;quot;,DATUM[&amp;quot;D_WGS_1984&amp;quot;,SPHEROID[&amp;quot;WGS_1984&amp;quot;,6378137.0,298.257223563]],PARAMETER[&amp;quot;Vertical_Shift&amp;quot;,0.0],PARAMETER[&amp;quot;Direction&amp;quot;,1.0],UNIT[&amp;quot;Meter&amp;quot;,1.0],AUTHORITY[&amp;quot;ESRI&amp;quot;,115700]]&lt;/WKT&gt;&lt;XOrigin&gt;-400&lt;/XOrigin&gt;&lt;YOrigin&gt;-400&lt;/YOrigin&gt;&lt;XYScale&gt;11258999068426.238&lt;/XYScale&gt;&lt;ZOrigin&gt;-100000&lt;/ZOrigin&gt;&lt;ZScale&gt;10000&lt;/ZScale&gt;&lt;MOrigin&gt;-100000&lt;/MOrigin&gt;&lt;MScale&gt;10000&lt;/MScale&gt;&lt;XYTolerance&gt;8.983152841195215e-009&lt;/XYTolerance&gt;&lt;ZTolerance&gt;0.001&lt;/ZTolerance&gt;&lt;MTolerance&gt;0.001&lt;/MTolerance&gt;&lt;HighPrecision&gt;true&lt;/HighPrecision&gt;&lt;LeftLongitude&gt;-180&lt;/LeftLongitude&gt;&lt;WKID&gt;4326&lt;/WKID&gt;&lt;LatestWKID&gt;4326&lt;/LatestWKID&gt;&lt;VCSWKID&gt;115700&lt;/VCSWKID&gt;&lt;LatestVCSWKID&gt;115700&lt;/LatestVCSWKID&gt;&lt;/GeographicCoordinateSystem&gt;</peXml></coordRef></DataProperties><SyncDate>20170813</SyncDate><SyncTime>13580800</SyncTime><ModDate>20170813</ModDate><ModTime>13580800</ModTime></Esri><dataIdInfo><envirDesc Sync="TRUE">Microsoft Windows 7 Version 6.1 (Build 7601) Service Pack 1; Esri ArcGIS 10.1.0.3035</envirDesc><dataLang><languageCode value="eng" Sync="TRUE"></languageCode><countryCode value="USA" Sync="TRUE"></countryCode></dataLang><idCitation><resTitle Sync="TRUE">National_Constituency_with_Projected_2010_Population</resTitle><presForm><PresFormCd value="005" Sync="TRUE"></PresFormCd></presForm></idCitation><spatRpType><SpatRepTypCd value="001" Sync="TRUE"></SpatRepTypCd></spatRpType></dataIdInfo><mdLang><languageCode value="eng" Sync="TRUE"></languageCode><countryCode value="USA" Sync="TRUE"></countryCode></mdLang><distInfo><distFormat><formatName Sync="TRUE">Shapefile</formatName></distFormat><distTranOps><transSize Sync="TRUE">0.000</transSize></distTranOps></distInfo><mdHrLv><ScopeCd value="005" Sync="TRUE"></ScopeCd></mdHrLv><mdHrLvName Sync="TRUE">dataset</mdHrLvName><refSysInfo><RefSystem><refSysID><identCode code="4326" Sync="TRUE" value="4326"></identCode><idCodeSpace Sync="TRUE">EPSG</idCodeSpace><idVersion Sync="TRUE">7.9.4</idVersion></refSysID></RefSystem></refSysInfo><spatRepInfo><VectSpatRep><geometObjs Name="National_Constituency_with_Projected_2010_Population"><geoObjTyp><GeoObjTypCd value="002" Sync="TRUE"></GeoObjTypCd></geoObjTyp><geoObjCnt Sync="TRUE">0</geoObjCnt></geometObjs><topLvl><TopoLevCd value="001" Sync="TRUE"></TopoLevCd></topLvl></VectSpatRep></spatRepInfo><spdoinfo><ptvctinf><esriterm Name="National_Constituency_with_Projected_2010_Population"><efeatyp Sync="TRUE">Simple</efeatyp><efeageom code="4" Sync="TRUE"></efeageom><esritopo Sync="TRUE">FALSE</esritopo><efeacnt Sync="TRUE">0</efeacnt><spindex Sync="TRUE">FALSE</spindex><linrefer Sync="TRUE">FALSE</linrefer></esriterm></ptvctinf></spdoinfo><eainfo><detailed Name="National_Constituency_with_Projected_2010_Population"><enttyp><enttypl Sync="TRUE">National_Constituency_with_Projected_2010_Population</enttypl><enttypt Sync="TRUE">Feature Class</enttypt><enttypc Sync="TRUE">0</enttypc></enttyp><attr><attrlabl Sync="TRUE">FID</attrlabl><attalias Sync="TRUE">FID</attalias><attrtype Sync="TRUE">OID</attrtype><attwidth Sync="TRUE">4</attwidth><atprecis Sync="TRUE">0</atprecis><attscale Sync="TRUE">0</attscale><attrdef Sync="TRUE">Internal feature number.</attrdef><attrdefs Sync="TRUE">Esri</attrdefs><attrdomv><udom Sync="TRUE">Sequential unique whole numbers that are automatically generated.</udom></attrdomv></attr><attr><attrlabl Sync="TRUE">Shape</attrlabl><attalias Sync="TRUE">Shape</attalias><attrtype Sync="TRUE">Geometry</attrtype><attwidth Sync="TRUE">0</attwidth><atprecis Sync="TRUE">0</atprecis><attscale Sync="TRUE">0</attscale><attrdef Sync="TRUE">Feature geometry.</attrdef><attrdefs Sync="TRUE">Esri</attrdefs><attrdomv><udom Sync="TRUE">Coordinates defining the features.</udom></attrdomv></attr><attr><attrlabl Sync="TRUE">Id</attrlabl><attalias Sync="TRUE">Id</attalias><attrtype Sync="TRUE">Integer</attrtype><attwidth Sync="TRUE">9</attwidth><atprecis Sync="TRUE">9</atprecis><attscale Sync="TRUE">0</attscale></attr><attr><attrlabl Sync="TRUE">NA_Cons</attrlabl><attalias Sync="TRUE">NA_Cons</attalias><attrtype Sync="TRUE">String</attrtype><attwidth Sync="TRUE">50</attwidth><atprecis Sync="TRUE">0</atprecis><attscale Sync="TRUE">0</attscale></attr><attr><attrlabl Sync="TRUE">WON</attrlabl><attalias Sync="TRUE">WON</attalias><attrtype Sync="TRUE">String</attrtype><attwidth Sync="TRUE">50</attwidth><atprecis Sync="TRUE">0</atprecis><attscale Sync="TRUE">0</attscale></attr><attr><attrlabl Sync="TRUE">District</attrlabl><attalias Sync="TRUE">District</attalias><attrtype Sync="TRUE">String</attrtype><attwidth Sync="TRUE">50</attwidth><atprecis Sync="TRUE">0</atprecis><attscale Sync="TRUE">0</attscale></attr><attr><attrlabl Sync="TRUE">Preovence</attrlabl><attalias Sync="TRUE">Preovence</attalias><attrtype Sync="TRUE">String</attrtype><attwidth Sync="TRUE">50</attwidth><atprecis Sync="TRUE">0</atprecis><attscale Sync="TRUE">0</attscale></attr><attr><attrlabl Sync="TRUE">AREA</attrlabl><attalias Sync="TRUE">AREA</attalias><attrtype Sync="TRUE">Single</attrtype><attwidth Sync="TRUE">13</attwidth><atprecis Sync="TRUE">0</atprecis><attscale Sync="TRUE">0</attscale></attr><attr><attrlabl Sync="TRUE">Pop_2010_E</attrlabl><attalias Sync="TRUE">Pop_2010_E</attalias><attrtype Sync="TRUE">Single</attrtype><attwidth Sync="TRUE">13</attwidth><atprecis Sync="TRUE">0</atprecis><attscale Sync="TRUE">0</attscale></attr><attr><attrlabl Sync="TRUE">Emp_Name</attrlabl><attalias Sync="TRUE">Emp_Name</attalias><attrtype Sync="TRUE">String</attrtype><attwidth Sync="TRUE">50</attwidth><atprecis Sync="TRUE">0</atprecis><attscale Sync="TRUE">0</attscale></attr><attr><attrlabl Sync="TRUE">Shape_Leng</attrlabl><attalias Sync="TRUE">Shape_Leng</attalias><attrtype Sync="TRUE">Double</attrtype><attwidth Sync="TRUE">19</attwidth><atprecis Sync="TRUE">0</atprecis><attscale Sync="TRUE">0</attscale></attr><attr><attrlabl Sync="TRUE">Shape_Area</attrlabl><attalias Sync="TRUE">Shape_Area</attalias><attrtype Sync="TRUE">Double</attrtype><attwidth Sync="TRUE">19</attwidth><atprecis Sync="TRUE">0</atprecis><attscale Sync="TRUE">0</attscale><attrdef Sync="TRUE">Area of feature in internal units squared.</attrdef><attrdefs Sync="TRUE">Esri</attrdefs><attrdomv><udom Sync="TRUE">Positive real numbers that are automatically generated.</udom></attrdomv></attr></detailed></eainfo><mdDateSt Sync="TRUE">20170813</mdDateSt></metadata>
