<metadata xml:lang="en"><Esri><CreaDate>20141014</CreaDate><CreaTime>12092900</CreaTime><SyncOnce>FALSE</SyncOnce><SyncDate>20170813</SyncDate><SyncTime>13582200</SyncTime><ModDate>20170813</ModDate><ModTime>13582200</ModTime><DataProperties><lineage><Process ToolSource="C:\Program Files (x86)\ArcGIS\ArcToolbox\Toolboxes\Data Management Tools.tbx\Dissolve" Date="20110617" Time="144504">Dissolve PAKISTAN_MAUZAField_Sequence "F:\Arslan Data\Arslan's Work\Pakistan_Mauza.gdb\PAKISTAN_FINAL\PAKISTAN_TEHSILS" PROVINCE;DISTRICT;TEHSIL # MULTI_PART DISSOLVE_LINES</Process><Process ToolSource="C:\Program Files (x86)\ArcGIS\ArcToolbox\Toolboxes\Data Management Tools.tbx\CopyFeatures" Date="20110622" Time="162859">CopyFeatures D:\PAKISTAN_FINAL.gdb\PAKISTAN_FINAL\PAKISTAN_TEHSILS D:\PAKISTAN_MAUZA.gdb\PAKISTAN\PAKISTAN_TEHSILS # 0 0 0</Process><Process ToolSource="C:\Program Files (x86)\ArcGIS\ArcToolbox\Toolboxes\Data Management Tools.tbx\CopyFeatures" Date="20110628" Time="153844">CopyFeatures "Z:\G I S\TRANSIT.gdb\PAKISTAN_TEHSILS" "C:\PAKISTAN MAUZA\PAKISTAN_MAUZA.gdb\PAKISTAN_FINAL\PAKISTAN_TEHSILS" # 0 0 0</Process><Process ToolSource="C:\Program Files (x86)\ArcGIS\Desktop10.0\ArcToolbox\Toolboxes\Data Management Tools.tbx\CalculateField" Date="20121010" Time="171927">CalculateField Demography popTAY [pop_taykn] VB #</Process><Process ToolSource="c:\program files (x86)\arcgis\desktop10.1\ArcToolbox\Toolboxes\Conversion Tools.tbx\FeatureClassToFeatureClass" Date="20150409" Time="105828">FeatureClassToFeatureClass "C:\Users\Muneeb\Desktop\Final UC\UNION COUNCIL\Tehsil_Boundary.shp" "C:\Users\Muneeb\Desktop\Final UC\GEO DATA ADMINBDY\ADMINBDY.gdb\DATA" Tehsil_Boundary # "OBJECTID "OBJECTID" true true false 9 Long 0 9 ,First,#,C:\Users\Muneeb\Desktop\Final UC\UNION COUNCIL\Tehsil_Boundary.shp,OBJECTID,-1,-1;PROVINCE "PROVINCE" true true false 30 Text 0 0 ,First,#,C:\Users\Muneeb\Desktop\Final UC\UNION COUNCIL\Tehsil_Boundary.shp,PROVINCE,-1,-1;DISTRICT "DISTRICT" true true false 30 Text 0 0 ,First,#,C:\Users\Muneeb\Desktop\Final UC\UNION COUNCIL\Tehsil_Boundary.shp,DISTRICT,-1,-1;TEHSIL "TEHSIL" true true false 30 Text 0 0 ,First,#,C:\Users\Muneeb\Desktop\Final UC\UNION COUNCIL\Tehsil_Boundary.shp,TEHSIL,-1,-1;SHAPE_Leng "SHAPE_Leng" true true false 19 Double 0 0 ,First,#,C:\Users\Muneeb\Desktop\Final UC\UNION COUNCIL\Tehsil_Boundary.shp,SHAPE_Leng,-1,-1;SHAPE_Area "SHAPE_Area" true true false 19 Double 0 0 ,First,#,C:\Users\Muneeb\Desktop\Final UC\UNION COUNCIL\Tehsil_Boundary.shp,SHAPE_Area,-1,-1;Area_Sq_Km "Area_Sq_Km" true true false 19 Double 0 0 ,First,#,C:\Users\Muneeb\Desktop\Final UC\UNION COUNCIL\Tehsil_Boundary.shp,Area_Sq_Km,-1,-1" #</Process><Process ToolSource="c:\program files (x86)\arcgis\desktop10.1\ArcToolbox\Toolboxes\Data Management Tools.tbx\CalculateField" Date="20150423" Time="155741">CalculateField Tehsil_Boundary DISTRICT "SUJAWAL" VB #</Process><Process ToolSource="c:\program files (x86)\arcgis\desktop10.1\ArcToolbox\Toolboxes\Data Management Tools.tbx\CalculateField" Date="20150423" Time="202725">CalculateField Tehsil_Boundary DISTRICT "LEHRI" VB #</Process><Process ToolSource="c:\program files (x86)\arcgis\desktop10.1\ArcToolbox\Toolboxes\Data Management Tools.tbx\CalculateField" Date="20150423" Time="202747">CalculateField Tehsil_Boundary TEHSIL "BHAG" VB #</Process><Process ToolSource="c:\program files (x86)\arcgis\desktop10.1\ArcToolbox\Toolboxes\Conversion Tools.tbx\FeatureClassToFeatureClass" Date="20150804" Time="130738">FeatureClassToFeatureClass "C:\Users\Muneeb\Desktop\Final UC\GEO DATA ADMINBDY\ADMINBDY.gdb\DATA\Tehsil_Boundary" "D:\BACKUP FILES\ALL ALHASAN GEO DATABASE\GEO DATA\Data.gdb\Adminbdy" Tehsil_Boundary_Update # "OBJECTID "OBJECTID" true true false 4 Long 0 0 ,First,#,C:\Users\Muneeb\Desktop\Final UC\GEO DATA ADMINBDY\ADMINBDY.gdb\DATA\Tehsil_Boundary,OBJECTID,-1,-1;PROVINCE "PROVINCE" true true false 30 Text 0 0 ,First,#,C:\Users\Muneeb\Desktop\Final UC\GEO DATA ADMINBDY\ADMINBDY.gdb\DATA\Tehsil_Boundary,PROVINCE,-1,-1;DISTRICT "DISTRICT" true true false 30 Text 0 0 ,First,#,C:\Users\Muneeb\Desktop\Final UC\GEO DATA ADMINBDY\ADMINBDY.gdb\DATA\Tehsil_Boundary,DISTRICT,-1,-1;TEHSIL "TEHSIL" true true false 30 Text 0 0 ,First,#,C:\Users\Muneeb\Desktop\Final UC\GEO DATA ADMINBDY\ADMINBDY.gdb\DATA\Tehsil_Boundary,TEHSIL,-1,-1;SHAPE_Leng "SHAPE_Leng" true true false 8 Double 0 0 ,First,#,C:\Users\Muneeb\Desktop\Final UC\GEO DATA ADMINBDY\ADMINBDY.gdb\DATA\Tehsil_Boundary,SHAPE_Leng,-1,-1;Area_Sq_Km "Area_Sq_Km" true true false 8 Double 0 0 ,First,#,C:\Users\Muneeb\Desktop\Final UC\GEO DATA ADMINBDY\ADMINBDY.gdb\DATA\Tehsil_Boundary,Area_Sq_Km,-1,-1;Shape_Length "Shape_Length" false true true 8 Double 0 0 ,First,#,C:\Users\Muneeb\Desktop\Final UC\GEO DATA ADMINBDY\ADMINBDY.gdb\DATA\Tehsil_Boundary,Shape_Length,-1,-1;Shape_Area "Shape_Area" false true true 8 Double 0 0 ,First,#,C:\Users\Muneeb\Desktop\Final UC\GEO DATA ADMINBDY\ADMINBDY.gdb\DATA\Tehsil_Boundary,Shape_Area,-1,-1" #</Process><Process ToolSource="c:\program files (x86)\arcgis\desktop10.1\ArcToolbox\Toolboxes\Conversion Tools.tbx\FeatureClassToFeatureClass" Date="20170803" Time="193954">FeatureClassToFeatureClass "D:\BACKUP FILES\ALL ALHASAN GEO DATABASE\GEO DATA\Data.gdb\Adminbdy\Tehsil_Boundary_Update" "D:\ALHASAN PUBLIC DATABASE\Geodatabase.gdb\Pakistan_Alhasan_Systems" Tehsil_Boundary # "OBJECTID "OBJECTID" true true false 4 Long 0 0 ,First,#,D:\BACKUP FILES\ALL ALHASAN GEO DATABASE\GEO DATA\Data.gdb\Adminbdy\Tehsil_Boundary_Update,OBJECTID,-1,-1;PROVINCE "PROVINCE" true true false 30 Text 0 0 ,First,#,D:\BACKUP FILES\ALL ALHASAN GEO DATABASE\GEO DATA\Data.gdb\Adminbdy\Tehsil_Boundary_Update,PROVINCE,-1,-1;DISTRICT "DISTRICT" true true false 30 Text 0 0 ,First,#,D:\BACKUP FILES\ALL ALHASAN GEO DATABASE\GEO DATA\Data.gdb\Adminbdy\Tehsil_Boundary_Update,DISTRICT,-1,-1;TEHSIL "TEHSIL" true true false 30 Text 0 0 ,First,#,D:\BACKUP FILES\ALL ALHASAN GEO DATABASE\GEO DATA\Data.gdb\Adminbdy\Tehsil_Boundary_Update,TEHSIL,-1,-1;SHAPE_Leng "SHAPE_Leng" true true false 8 Double 0 0 ,First,#,D:\BACKUP FILES\ALL ALHASAN GEO DATABASE\GEO DATA\Data.gdb\Adminbdy\Tehsil_Boundary_Update,SHAPE_Leng,-1,-1;Area_Sq_Km "Area_Sq_Km" true true false 8 Double 0 0 ,First,#,D:\BACKUP FILES\ALL ALHASAN GEO DATABASE\GEO DATA\Data.gdb\Adminbdy\Tehsil_Boundary_Update,Area_Sq_Km,-1,-1;Shape_Length "Shape_Length" false true true 8 Double 0 0 ,First,#,D:\BACKUP FILES\ALL ALHASAN GEO DATABASE\GEO DATA\Data.gdb\Adminbdy\Tehsil_Boundary_Update,Shape_Length,-1,-1;Shape_Area "Shape_Area" false true true 8 Double 0 0 ,First,#,D:\BACKUP FILES\ALL ALHASAN GEO DATABASE\GEO DATA\Data.gdb\Adminbdy\Tehsil_Boundary_Update,Shape_Area,-1,-1" #</Process><Process ToolSource="c:\program files (x86)\arcgis\desktop10.1\ArcToolbox\Toolboxes\Data Management Tools.tbx\CopyFeatures" Date="20170813" Time="135823">CopyFeatures "D:\ALHASAN PUBLIC DATABASE\Pakistan_Geodatabase_Alhasan_Systems.gdb\Pakistan_Geodatabase_Alhasan_Systems\Tehsil_Boundary" "D:\ALHASAN PUBLIC DATABASE\Adminbdy Shapefile\Tehsil_Boundary.shp" # 0 0 0</Process></lineage><itemProps><itemName Sync="TRUE">Tehsil_Boundary</itemName><imsContentType Sync="TRUE">002</imsContentType><itemLocation><linkage Sync="TRUE">file://\\MUNEEB-PC\D$\ALHASAN PUBLIC DATABASE\Adminbdy Shapefile\Tehsil_Boundary.shp</linkage><protocol Sync="TRUE">Local Area Network</protocol></itemLocation><itemSize Sync="TRUE">0.000</itemSize></itemProps><coordRef><type Sync="TRUE">Geographic</type><geogcsn Sync="TRUE">GCS_WGS_1984</geogcsn><csUnits Sync="TRUE">Angular Unit: Degree (0.017453)</csUnits><peXml Sync="TRUE">&lt;GeographicCoordinateSystem xsi:type='typens:GeographicCoordinateSystem' xmlns:xsi='http://www.w3.org/2001/XMLSchema-instance' xmlns:xs='http://www.w3.org/2001/XMLSchema' xmlns:typens='http://www.esri.com/schemas/ArcGIS/10.1'&gt;&lt;WKT&gt;GEOGCS[&amp;quot;GCS_WGS_1984&amp;quot;,DATUM[&amp;quot;D_WGS_1984&amp;quot;,SPHEROID[&amp;quot;WGS_1984&amp;quot;,6378137.0,298.257223563]],PRIMEM[&amp;quot;Greenwich&amp;quot;,0.0],UNIT[&amp;quot;Degree&amp;quot;,0.0174532925199433],AUTHORITY[&amp;quot;EPSG&amp;quot;,4326]],VERTCS[&amp;quot;WGS_1984&amp;quot;,DATUM[&amp;quot;D_WGS_1984&amp;quot;,SPHEROID[&amp;quot;WGS_1984&amp;quot;,6378137.0,298.257223563]],PARAMETER[&amp;quot;Vertical_Shift&amp;quot;,0.0],PARAMETER[&amp;quot;Direction&amp;quot;,1.0],UNIT[&amp;quot;Meter&amp;quot;,1.0],AUTHORITY[&amp;quot;ESRI&amp;quot;,115700]]&lt;/WKT&gt;&lt;XOrigin&gt;-400&lt;/XOrigin&gt;&lt;YOrigin&gt;-400&lt;/YOrigin&gt;&lt;XYScale&gt;11258999068426.238&lt;/XYScale&gt;&lt;ZOrigin&gt;-100000&lt;/ZOrigin&gt;&lt;ZScale&gt;10000&lt;/ZScale&gt;&lt;MOrigin&gt;-100000&lt;/MOrigin&gt;&lt;MScale&gt;10000&lt;/MScale&gt;&lt;XYTolerance&gt;8.983152841195215e-009&lt;/XYTolerance&gt;&lt;ZTolerance&gt;0.001&lt;/ZTolerance&gt;&lt;MTolerance&gt;0.001&lt;/MTolerance&gt;&lt;HighPrecision&gt;true&lt;/HighPrecision&gt;&lt;LeftLongitude&gt;-180&lt;/LeftLongitude&gt;&lt;WKID&gt;4326&lt;/WKID&gt;&lt;LatestWKID&gt;4326&lt;/LatestWKID&gt;&lt;VCSWKID&gt;115700&lt;/VCSWKID&gt;&lt;LatestVCSWKID&gt;115700&lt;/LatestVCSWKID&gt;&lt;/GeographicCoordinateSystem&gt;</peXml></coordRef></DataProperties><ArcGISFormat>1.0</ArcGISFormat><ArcGISstyle>FGDC CSDGM Metadata</ArcGISstyle></Esri><idinfo><native Sync="TRUE">Microsoft Windows XP Version 5.1 (Build 2600) Service Pack 3; ESRI ArcCatalog 9.3.0.1770</native><descript><langdata Sync="TRUE">en</langdata><abstract>REQUIRED: A brief narrative summary of the data set.</abstract><purpose>REQUIRED: A summary of the intentions with which the data set was developed.</purpose></descript><citation><citeinfo><origin>REQUIRED: The name of an organization or individual that developed the data set.</origin><pubdate>REQUIRED: The date when the data set is published or otherwise made available for release.</pubdate><title Sync="TRUE">Tehsil_Boundary</title><ftname Sync="TRUE">Tehsil_Boundary</ftname><geoform Sync="TRUE">vector digital data</geoform><onlink Sync="TRUE">\\172.18.155.152\Information Management\admin1_5_pco\OLD\PCO_Boundaries\Tehsil_Boundary.shp</onlink></citeinfo></citation><timeperd><current>REQUIRED: The basis on which the time period of content information is determined.</current><timeinfo><sngdate><caldate>REQUIRED: The year (and optionally month, or month and day) for which the data set corresponds to the ground.</caldate></sngdate></timeinfo></timeperd><status><progress>REQUIRED: The state of the data set.</progress><update>REQUIRED: The frequency with which changes and additions are made to the data set after the initial data set is completed.</update></status><spdom><bounding><westbc Sync="TRUE">60.891856</westbc><eastbc Sync="TRUE">79.305738</eastbc><northbc Sync="TRUE">37.097590</northbc><southbc Sync="TRUE">23.703069</southbc></bounding><lboundng><leftbc Sync="TRUE">60.891856</leftbc><rightbc Sync="TRUE">79.305738</rightbc><bottombc Sync="TRUE">23.703069</bottombc><topbc Sync="TRUE">37.097590</topbc></lboundng></spdom><keywords><theme><themekt>REQUIRED: Reference to a formally registered thesaurus or a similar authoritative source of theme keywords.</themekt><themekey>REQUIRED: Common-use word or phrase used to describe the subject of the data set.</themekey></theme></keywords><accconst>REQUIRED: Restrictions and legal prerequisites for accessing the data set.</accconst><useconst>REQUIRED: Restrictions and legal prerequisites for using the data set after access is granted.</useconst><natvform Sync="TRUE">Shapefile</natvform></idinfo><dataIdInfo><envirDesc Sync="TRUE">Microsoft Windows 7 Version 6.1 (Build 7601) Service Pack 1; Esri ArcGIS 10.1.0.3035</envirDesc><dataLang><languageCode Sync="TRUE" value="eng"></languageCode><countryCode value="USA" Sync="TRUE"></countryCode></dataLang><idCitation><resTitle Sync="TRUE">Tehsil_Boundary</resTitle><presForm><PresFormCd Sync="TRUE" value="005"></PresFormCd></presForm></idCitation><spatRpType><SpatRepTypCd Sync="TRUE" value="001"></SpatRepTypCd></spatRpType><dataExt><geoEle><GeoBndBox esriExtentType="native"><westBL Sync="TRUE">60.891856</westBL><eastBL Sync="TRUE">79.305738</eastBL><northBL Sync="TRUE">37.09759</northBL><southBL Sync="TRUE">23.703069</southBL><exTypeCode Sync="TRUE">1</exTypeCode></GeoBndBox></geoEle></dataExt><geoBox esriExtentType="decdegrees"><westBL Sync="TRUE">60.891856</westBL><eastBL Sync="TRUE">79.305738</eastBL><northBL Sync="TRUE">37.09759</northBL><southBL Sync="TRUE">23.703069</southBL><exTypeCode Sync="TRUE">1</exTypeCode></geoBox></dataIdInfo><metainfo><langmeta Sync="TRUE">en</langmeta><metstdn Sync="TRUE">FGDC Content Standards for Digital Geospatial Metadata</metstdn><metstdv Sync="TRUE">FGDC-STD-001-1998</metstdv><mettc Sync="TRUE">local time</mettc><metc><cntinfo><cntorgp><cntper>REQUIRED: The person responsible for the metadata information.</cntper><cntorg>REQUIRED: The organization responsible for the metadata information.</cntorg></cntorgp><cntaddr><addrtype>REQUIRED: The mailing and/or physical address for the organization or individual.</addrtype><city>REQUIRED: The city of the address.</city><state>REQUIRED: The state or province of the address.</state><postal>REQUIRED: The ZIP or other postal code of the address.</postal></cntaddr><cntvoice>REQUIRED: The telephone number by which individuals can speak to the organization or individual.</cntvoice></cntinfo></metc><metd Sync="TRUE">20111129</metd></metainfo><mdLang><languageCode Sync="TRUE" value="eng"></languageCode><countryCode value="USA" Sync="TRUE"></countryCode></mdLang><mdStanName Sync="TRUE">ISO 19115 Geographic Information - Metadata</mdStanName><mdStanVer Sync="TRUE">DIS_ESRI1.0</mdStanVer><mdChar><CharSetCd Sync="TRUE" value="004"></CharSetCd></mdChar><mdHrLv><ScopeCd Sync="TRUE" value="005"></ScopeCd></mdHrLv><mdHrLvName Sync="TRUE">dataset</mdHrLvName><distinfo><resdesc Sync="TRUE">Downloadable Data</resdesc><stdorder><digform><digtinfo><transize Sync="TRUE">3.090</transize><dssize Sync="TRUE">3.090</dssize></digtinfo></digform></stdorder></distinfo><distInfo><distributor><distorTran><onLineSrc><orDesc Sync="TRUE">002</orDesc><linkage Sync="TRUE">file://\\172.18.155.152\Information Management\admin1_5_pco\OLD\PCO_Boundaries\Tehsil_Boundary.shp</linkage><protocol Sync="TRUE">Local Area Network</protocol></onLineSrc><transSize Sync="TRUE">3.090</transSize></distorTran><distorFormat><formatName Sync="TRUE">Shapefile</formatName></distorFormat></distributor><distFormat><formatName Sync="TRUE">Shapefile</formatName></distFormat><distTranOps><transSize Sync="TRUE">0.000</transSize></distTranOps></distInfo><spdoinfo><direct Sync="TRUE">Vector</direct><ptvctinf><esriterm Name="Tehsil_Boundary"><efeatyp Sync="TRUE">Simple</efeatyp><efeageom code="4" Sync="TRUE"></efeageom><esritopo Sync="TRUE">FALSE</esritopo><efeacnt Sync="TRUE">0</efeacnt><spindex Sync="TRUE">FALSE</spindex><linrefer Sync="TRUE">FALSE</linrefer></esriterm></ptvctinf></spdoinfo><spref><horizsys><cordsysn><geogcsn Sync="TRUE">GCS_WGS_1984</geogcsn></cordsysn><geograph><geogunit Sync="TRUE">Decimal degrees</geogunit><latres Sync="TRUE">0.000000</latres><longres Sync="TRUE">0.000000</longres></geograph><geodetic><horizdn Sync="TRUE">D_WGS_1984</horizdn><ellips Sync="TRUE">WGS_1984</ellips><semiaxis Sync="TRUE">6378137.000000</semiaxis><denflat Sync="TRUE">298.257224</denflat></geodetic></horizsys><vertdef><altsys><altenc Sync="TRUE">Explicit elevation coordinate included with horizontal coordinates</altenc><altres Sync="TRUE">0.000100</altres></altsys></vertdef></spref><refSysInfo><RefSystem><refSysID><identCode Sync="TRUE" value="4326">GCS_WGS_1984</identCode><idCodeSpace Sync="TRUE">EPSG</idCodeSpace><idVersion Sync="TRUE">7.9.4</idVersion></refSysID></RefSystem></refSysInfo><spatRepInfo><VectSpatRep><geometObjs Name="Tehsil_Boundary"><geoObjTyp><GeoObjTypCd value="002" Sync="TRUE"></GeoObjTypCd></geoObjTyp><geoObjCnt Sync="TRUE">0</geoObjCnt></geometObjs><topLvl><TopoLevCd value="001" Sync="TRUE"></TopoLevCd></topLvl></VectSpatRep></spatRepInfo><eainfo><detailed Name="Tehsil_Boundary"><enttyp><enttypl Sync="TRUE">Tehsil_Boundary</enttypl><enttypt Sync="TRUE">Feature Class</enttypt><enttypc Sync="TRUE">0</enttypc></enttyp><attr><attrlabl Sync="TRUE">FID</attrlabl><attalias Sync="TRUE">FID</attalias><attrtype Sync="TRUE">OID</attrtype><attwidth Sync="TRUE">4</attwidth><atprecis Sync="TRUE">0</atprecis><attscale Sync="TRUE">0</attscale><attrdef Sync="TRUE">Internal feature number.</attrdef><attrdefs Sync="TRUE">Esri</attrdefs><attrdomv><udom Sync="TRUE">Sequential unique whole numbers that are automatically generated.</udom></attrdomv></attr><attr><attrlabl Sync="TRUE">OBJECTID</attrlabl><attalias Sync="TRUE">OBJECTID</attalias><attrtype Sync="TRUE">Integer</attrtype><attwidth Sync="TRUE">9</attwidth><attrdef Sync="TRUE">Internal feature number.</attrdef><attrdefs Sync="TRUE">ESRI</attrdefs><attrdomv><udom Sync="TRUE">Sequential unique whole numbers that are automatically generated.</udom></attrdomv><atprecis Sync="TRUE">9</atprecis><attscale Sync="TRUE">0</attscale></attr><attr><attrlabl Sync="TRUE">SHAPE</attrlabl><attalias Sync="TRUE">Shape</attalias><attrtype Sync="TRUE">Geometry</attrtype><attwidth Sync="TRUE">0</attwidth><atprecis Sync="TRUE">0</atprecis><attscale Sync="TRUE">0</attscale><attrdef Sync="TRUE">Feature geometry.</attrdef><attrdefs Sync="TRUE">ESRI</attrdefs><attrdomv><udom Sync="TRUE">Coordinates defining the features.</udom></attrdomv></attr><attr><attrlabl Sync="TRUE">PROVINCE</attrlabl><attalias Sync="TRUE">PROVINCE</attalias><attrtype Sync="TRUE">String</attrtype><attwidth Sync="TRUE">30</attwidth><atprecis Sync="TRUE">0</atprecis><attscale Sync="TRUE">0</attscale></attr><attr><attrlabl Sync="TRUE">DISTRICT</attrlabl><attalias Sync="TRUE">DISTRICT</attalias><attrtype Sync="TRUE">String</attrtype><attwidth Sync="TRUE">30</attwidth><atprecis Sync="TRUE">0</atprecis><attscale Sync="TRUE">0</attscale></attr><attr><attrlabl Sync="TRUE">TEHSIL</attrlabl><attalias Sync="TRUE">TEHSIL</attalias><attrtype Sync="TRUE">String</attrtype><attwidth Sync="TRUE">30</attwidth><atprecis Sync="TRUE">0</atprecis><attscale Sync="TRUE">0</attscale></attr><attr><attrlabl Sync="TRUE">SHAPE_Leng</attrlabl><attalias Sync="TRUE">SHAPE_Leng</attalias><attrtype Sync="TRUE">Double</attrtype><attwidth Sync="TRUE">19</attwidth><atprecis Sync="TRUE">0</atprecis><attscale Sync="TRUE">0</attscale></attr><attr><attrlabl Sync="TRUE">Area_Sq_Km</attrlabl><attalias Sync="TRUE">Area_Sq_Km</attalias><attrtype Sync="TRUE">Double</attrtype><attwidth Sync="TRUE">19</attwidth><atprecis Sync="TRUE">0</atprecis><attscale Sync="TRUE">0</attscale></attr><attr><attrlabl Sync="TRUE">Shape_Le_1</attrlabl><attalias Sync="TRUE">Shape_Le_1</attalias><attrtype Sync="TRUE">Double</attrtype><attwidth Sync="TRUE">19</attwidth><atprecis Sync="TRUE">0</atprecis><attscale Sync="TRUE">0</attscale></attr><attr><attrlabl Sync="TRUE">SHAPE_Area</attrlabl><attalias Sync="TRUE">Shape_Area</attalias><attrtype Sync="TRUE">Double</attrtype><attwidth Sync="TRUE">19</attwidth><attrdef Sync="TRUE">Area of feature in internal units squared.</attrdef><attrdefs Sync="TRUE">ESRI</attrdefs><attrdomv><udom Sync="TRUE">Positive real numbers that are automatically generated.</udom></attrdomv><atprecis Sync="TRUE">0</atprecis><attscale Sync="TRUE">0</attscale></attr></detailed></eainfo><mdDateSt Sync="TRUE">20170813</mdDateSt><dataqual><lineage><procstep><procdesc Sync="TRUE">Dataset copied.</procdesc><srcused Sync="TRUE">\\ARSLAN004\F$\Arslan Data\Arslan's Work\Pakistan_Mauza.gdb</srcused><procdate Sync="TRUE">20110617</procdate><proctime Sync="TRUE">14593200</proctime></procstep><procstep><procdesc Sync="TRUE">Dataset copied.</procdesc><srcused Sync="TRUE">\\JAVED-PC\D$\PAKISTAN_MAUZA.gdb</srcused><procdate Sync="TRUE">20110628</procdate><proctime Sync="TRUE">15344600</proctime></procstep><procstep><procdesc Sync="TRUE">Dataset copied.</procdesc><srcused Sync="TRUE">\\UNH-PAK-2332\F$\PAKISTAN MAUZA\PAKISTAN_MAUZA.gdb</srcused><procdate Sync="TRUE">20111129</procdate><proctime Sync="TRUE">11405600</proctime></procstep></lineage></dataqual></metadata>
