<metadata>
	<idinfo>
		<citation>
			<citeinfo>
				<origin>OCHA PAKISTAN</origin>
				<pubdate>24 March 2011</pubdate>
				<title Sync="TRUE">Pak_adm4_floodAffected_pco_20110324</title>
				<geoform Sync="TRUE">vector digital data</geoform>
				<serinfo>
					<sername>PCO administratve Boundaries</sername>
					<issue>V 1.2</issue>
				</serinfo>
				<pubinfo>
					<pubplace>Islamabad</pubplace>
					<publish>OCHA Pakistan</publish>
				</pubinfo>
				<onlink>http:\\pakresponse.info</onlink>
				<ftname Sync="TRUE">Pak_adm4_floodAffected_pco_20110324</ftname></citeinfo>
		</citation>
		<descript>
			<abstract>Level 4 (Union Council) of Pakistan </abstract>
			<purpose>Create a country wide administrative boundary dataset based on PCO (Population Census Organisation) data.</purpose>
			<supplinf>This dataset fits to GAUL (Global Administrative Unit Layer) level 0 boundaries and holds the PCO (Population Census Organisation) administrative boundaries, level 4
This release covers KPK province completely, Sindh, Punjab and Balochistan flood affected districts only. Work is undergoing to cover the rest of the country</supplinf>
			<langdata Sync="TRUE">en</langdata></descript>
		<timeperd>
			<timeinfo>
				<sngdate>
					<caldate>24 March 2011</caldate>
				</sngdate>
			</timeinfo>
			<current>publication date</current>
		</timeperd>
		<status>
			<progress>In work</progress>
			<update>Continually</update>
		</status>
		<spdom>
			<bounding>
				<westbc Sync="TRUE">67.123372</westbc>
				<eastbc Sync="TRUE">74.131949</eastbc>
				<northbc Sync="TRUE">36.908575</northbc>
				<southbc Sync="TRUE">23.694683</southbc>
			</bounding>
			<lboundng><leftbc Sync="TRUE">67.123372</leftbc><rightbc Sync="TRUE">74.131949</rightbc><bottombc Sync="TRUE">23.694683</bottombc><topbc Sync="TRUE">36.908575</topbc></lboundng></spdom>
		<keywords>
			<theme>
				<themekt>Level 4</themekt>
				<themekey>Pakistan Administrative Boundary</themekey>
			</theme>
		</keywords>
		<accconst>Not for resale, freely available for the Humanitarian Community</accconst>
		<useconst>
For use by the Humanitarian community.
GAUL, OCHA and PCO  are credited as the source of the data on any maps produced using this data.
</useconst>
		<ptcontac>
			<cntinfo>
				<cntorgp>
					<cntorg>OCHA PAKISTAN</cntorg>
					<cntper>OCHA GIS UNIT</cntper>
				</cntorgp>
				<cntemail>gis.ocha.pk@gmail.com</cntemail>
			</cntinfo>
		</ptcontac>
		<datacred>OCHA (Office for Coordination of Humanitarian Affairs), PCO (Population census Organisation), GAUL (Global Administrative Unit Layer).</datacred>
		<native>Microsoft Windows 7 ; ESRI ArcCatalog 9.3.1.3000</native>
		<natvform Sync="TRUE">Shapefile</natvform></idinfo>
	<dataqual>
		<lineage>
			<srcinfo>
				<srcscale>Variable</srcscale>
				<typesrc>paper</typesrc>
				<srccitea>GAUL, OCHA, PCO</srccitea>
				<srccite><citeinfo><origin>OCHA - Pakistan</origin><pubdate>03 March 2011</pubdate><title> Pakistan Administrative Boundaries</title><edition>1.1</edition><geoform>vector digital data</geoform><serinfo><sername>Pakistan Administrative Boundaries</sername><issue>V 1.1</issue></serinfo><pubinfo><pubplace>Islamabad - Pakistan</pubplace><publish>OCHA - PAKISTAN</publish></pubinfo></citeinfo></srccite><srccontr>Population Census Organistation
Office for Coordination of Humanitarian Affairs - Pakistan
Global Administrative Unit Layer (FAO)</srccontr></srcinfo>
			<procstep>
				<procdesc>Dataset copied.</procdesc>
				<srcused>D:\GIS\Mauza's\PCO_Admin1_2_3_Boundaries\admin 1 2 3 fitted to GAUL 0\Pak_adm3_pco_coded_20110223_GAP_eliminate</srcused>
				<procdate>20110301</procdate>
				<proctime>09225400</proctime>
			</procstep>
			<procstep>
				<procdesc>Dataset copied.</procdesc>
				<srcused></srcused>
				<procdate>20110301</procdate>
				<proctime>17352200</proctime>
			</procstep>
			<procstep>
				<procdesc>Dataset moved.</procdesc>
				<srcused>C:\PCO\Pakistan_Boundaries\Pak_adm3_pco_coded_FATA_20111</srcused>
				<procdate>20110301</procdate>
				<proctime>18130600</proctime>
			</procstep>
			<procstep>
				<procdesc>Dataset copied.</procdesc>
				<srcused>C:\PCO\Pakistan_Boundaries\Edits\Pak_adm3_pco_coded_FATA_2010203</srcused>
				<procdate>20110303</procdate>
				<proctime>15480900</proctime>
			</procstep>
			<procstep>
				<procdesc>Dataset copied.</procdesc>
				<srcused>C:\PCO\Pakistan_Boundaries\Pak_adm3_pco_coded_FATA_2010203</srcused>
				<procdate>20110304</procdate>
				<proctime>09514300</proctime>
			</procstep>
			<procstep>
				<procdesc>Metadata imported.</procdesc>
				<srcused>C:\Users\Bernard\AppData\Local\Temp\xmlE5C4.tmp</srcused>
				<procdate>20110307</procdate>
				<proctime>16551400</proctime>
			</procstep>
			<procstep><procdesc Sync="TRUE">Metadata imported.</procdesc><srcused Sync="TRUE">C:\Users\Bernard\AppData\Local\Temp\xmlEAA6.tmp</srcused><procdate Sync="TRUE">20110308</procdate><proctime Sync="TRUE">09432800</proctime></procstep></lineage>
	</dataqual>
	<spdoinfo>
		<direct Sync="TRUE">Vector</direct>
		<ptvctinf><esriterm Name="Union_Council"><efeatyp Sync="TRUE">Simple</efeatyp><efeageom code="4" Sync="TRUE"></efeageom><esritopo Sync="TRUE">FALSE</esritopo><efeacnt Sync="TRUE">0</efeacnt><spindex Sync="TRUE">FALSE</spindex><linrefer Sync="TRUE">FALSE</linrefer></esriterm></ptvctinf></spdoinfo>
	<spref>
		<horizsys>
			<geograph>
				<latres Sync="TRUE">0.000000</latres>
				<longres Sync="TRUE">0.000000</longres>
				<geogunit Sync="TRUE">Decimal degrees</geogunit>
			</geograph>
			<geodetic>
				<horizdn Sync="TRUE">D_WGS_1984</horizdn>
				<ellips Sync="TRUE">WGS_1984</ellips>
				<semiaxis Sync="TRUE">6378137.000000</semiaxis>
				<denflat Sync="TRUE">298.257224</denflat>
			</geodetic>
			<cordsysn><geogcsn Sync="TRUE">GCS_WGS_1984</geogcsn></cordsysn></horizsys>
	</spref>
	<eainfo>
		<detailed Name="Union_Council">
			<enttyp>
				<enttypl Sync="TRUE">Union_Council</enttypl>
				<enttypt Sync="TRUE">Feature Class</enttypt><enttypc Sync="TRUE">0</enttypc></enttyp>
			<attr><attrlabl Sync="TRUE">FID</attrlabl><attalias Sync="TRUE">FID</attalias><attrtype Sync="TRUE">OID</attrtype><attwidth Sync="TRUE">4</attwidth><atprecis Sync="TRUE">0</atprecis><attscale Sync="TRUE">0</attscale><attrdef Sync="TRUE">Internal feature number.</attrdef><attrdefs Sync="TRUE">Esri</attrdefs><attrdomv><udom Sync="TRUE">Sequential unique whole numbers that are automatically generated.</udom></attrdomv></attr><attr>
				<attrlabl>Shape</attrlabl>
				<attrdef>Feature geometry.</attrdef>
				<attrdefs>ESRI</attrdefs>
				<attrdomv>
					<udom>Coordinates defining the features.</udom>
				</attrdomv>
				<attalias Sync="TRUE">Shape</attalias><attrtype Sync="TRUE">Geometry</attrtype><attwidth Sync="TRUE">0</attwidth><atprecis Sync="TRUE">0</atprecis><attscale Sync="TRUE">0</attscale></attr>
			<attr>
				<attrlabl>PROVINCE</attrlabl>
				<attalias Sync="TRUE">PROVINCE</attalias><attrtype Sync="TRUE">String</attrtype><attwidth Sync="TRUE">254</attwidth><atprecis Sync="TRUE">0</atprecis><attscale Sync="TRUE">0</attscale></attr>
			<attr>
				<attrlabl>DISTRICT</attrlabl>
				<attalias Sync="TRUE">DISTRICT</attalias><attrtype Sync="TRUE">String</attrtype><attwidth Sync="TRUE">30</attwidth><atprecis Sync="TRUE">0</atprecis><attscale Sync="TRUE">0</attscale></attr>
			<attr><attrlabl Sync="TRUE">TEHSIL</attrlabl><attalias Sync="TRUE">TEHSIL</attalias><attrtype Sync="TRUE">String</attrtype><attwidth Sync="TRUE">30</attwidth><atprecis Sync="TRUE">0</atprecis><attscale Sync="TRUE">0</attscale></attr><attr><attrlabl Sync="TRUE">UC</attrlabl><attalias Sync="TRUE">UC</attalias><attrtype Sync="TRUE">String</attrtype><attwidth Sync="TRUE">254</attwidth><atprecis Sync="TRUE">0</atprecis><attscale Sync="TRUE">0</attscale></attr><attr><attrlabl Sync="TRUE">UC_C</attrlabl><attalias Sync="TRUE">UC_C</attalias><attrtype Sync="TRUE">Integer</attrtype><attwidth Sync="TRUE">9</attwidth><atprecis Sync="TRUE">9</atprecis><attscale Sync="TRUE">0</attscale></attr><attr><attrlabl Sync="TRUE">Flood</attrlabl><attalias Sync="TRUE">Flood</attalias><attrtype Sync="TRUE">String</attrtype><attwidth Sync="TRUE">50</attwidth><atprecis Sync="TRUE">0</atprecis><attscale Sync="TRUE">0</attscale></attr><attr><attrlabl Sync="TRUE">Area</attrlabl><attalias Sync="TRUE">Area</attalias><attrtype Sync="TRUE">Double</attrtype><attwidth Sync="TRUE">19</attwidth><atprecis Sync="TRUE">0</atprecis><attscale Sync="TRUE">0</attscale></attr><attr><attrlabl Sync="TRUE">TOWN</attrlabl><attalias Sync="TRUE">TOWN</attalias><attrtype Sync="TRUE">String</attrtype><attwidth Sync="TRUE">200</attwidth><atprecis Sync="TRUE">0</atprecis><attscale Sync="TRUE">0</attscale></attr><attr><attrlabl Sync="TRUE">U_R</attrlabl><attalias Sync="TRUE">U_R</attalias><attrtype Sync="TRUE">String</attrtype><attwidth Sync="TRUE">50</attwidth><atprecis Sync="TRUE">0</atprecis><attscale Sync="TRUE">0</attscale></attr><attr><attrlabl Sync="TRUE">PROVINCE_C</attrlabl><attalias Sync="TRUE">PROVINCE_C</attalias><attrtype Sync="TRUE">Integer</attrtype><attwidth Sync="TRUE">9</attwidth><atprecis Sync="TRUE">9</atprecis><attscale Sync="TRUE">0</attscale></attr><attr><attrlabl Sync="TRUE">DISTRICT_C</attrlabl><attalias Sync="TRUE">DISTRICT_C</attalias><attrtype Sync="TRUE">Integer</attrtype><attwidth Sync="TRUE">9</attwidth><atprecis Sync="TRUE">9</atprecis><attscale Sync="TRUE">0</attscale></attr><attr><attrlabl Sync="TRUE">TEHSIL_C</attrlabl><attalias Sync="TRUE">TEHSIL_C</attalias><attrtype Sync="TRUE">Integer</attrtype><attwidth Sync="TRUE">9</attwidth><atprecis Sync="TRUE">9</atprecis><attscale Sync="TRUE">0</attscale></attr><attr><attrlabl Sync="TRUE">UC_NAME</attrlabl><attalias Sync="TRUE">UC_NAME</attalias><attrtype Sync="TRUE">String</attrtype><attwidth Sync="TRUE">254</attwidth><atprecis Sync="TRUE">0</atprecis><attscale Sync="TRUE">0</attscale></attr><attr><attrlabl Sync="TRUE">Data_Sourc</attrlabl><attalias Sync="TRUE">Data_Sourc</attalias><attrtype Sync="TRUE">String</attrtype><attwidth Sync="TRUE">50</attwidth><atprecis Sync="TRUE">0</atprecis><attscale Sync="TRUE">0</attscale></attr><attr><attrlabl Sync="TRUE">Level</attrlabl><attalias Sync="TRUE">Level</attalias><attrtype Sync="TRUE">String</attrtype><attwidth Sync="TRUE">50</attwidth><atprecis Sync="TRUE">0</atprecis><attscale Sync="TRUE">0</attscale></attr><attr><attrlabl Sync="TRUE">School</attrlabl><attalias Sync="TRUE">School</attalias><attrtype Sync="TRUE">Double</attrtype><attwidth Sync="TRUE">19</attwidth><atprecis Sync="TRUE">0</atprecis><attscale Sync="TRUE">0</attscale></attr><attr><attrlabl Sync="TRUE">New_Name</attrlabl><attalias Sync="TRUE">New_Name</attalias><attrtype Sync="TRUE">String</attrtype><attwidth Sync="TRUE">254</attwidth><atprecis Sync="TRUE">0</atprecis><attscale Sync="TRUE">0</attscale></attr><attr><attrlabl Sync="TRUE">Shape_Leng</attrlabl><attalias Sync="TRUE">Shape_Leng</attalias><attrtype Sync="TRUE">Double</attrtype><attwidth Sync="TRUE">19</attwidth><atprecis Sync="TRUE">0</atprecis><attscale Sync="TRUE">0</attscale></attr><attr><attrlabl Sync="TRUE">Shape_Area</attrlabl><attalias Sync="TRUE">Shape_Area</attalias><attrtype Sync="TRUE">Double</attrtype><attwidth Sync="TRUE">19</attwidth><atprecis Sync="TRUE">0</atprecis><attscale Sync="TRUE">0</attscale><attrdef Sync="TRUE">Area of feature in internal units squared.</attrdef><attrdefs Sync="TRUE">Esri</attrdefs><attrdomv><udom Sync="TRUE">Positive real numbers that are automatically generated.</udom></attrdomv></attr></detailed>
	</eainfo>
	<distinfo>
		<distrib>
			<cntinfo>
				<cntorgp>
					<cntorg>OCHA PAKISTAN</cntorg>
					<cntper>GIS UNIT</cntper>
				</cntorgp>
				<cntemail>gis.ocha.pk@gmail.com</cntemail>
			</cntinfo>
		</distrib>
		<resdesc>Downloadable Data</resdesc>
		<stdorder>
			<digform>
				<digtinfo>
					<transize>0.308</transize>
					<dssize Sync="TRUE">3.453</dssize></digtinfo>
			</digform>
		</stdorder>
	</distinfo>
	<metainfo>
		<metd Sync="TRUE">20110328</metd>
		<metrd>20110307</metrd>
		<metfrd>On Editing</metfrd>
		<metc>
			<cntinfo>
				<cntorgp>
					<cntorg>OCHA Pakistan</cntorg>
					<cntper>OCHA PAKISTAN GIS UNIT</cntper>
				</cntorgp>
				<cntpos>GIS UNIT</cntpos>
				<cntaddr>
					<addrtype>REQUIRED: The mailing and/or physical address for the organization or individual.</addrtype>
					<city>REQUIRED: The city of the address.</city>
					<state>REQUIRED: The state or province of the address.</state>
					<postal>REQUIRED: The ZIP or other postal code of the address.</postal>
				</cntaddr>
				<cntvoice>REQUIRED: The telephone number by which individuals can speak to the organization or individual.</cntvoice>
				<cntemail>gis.ocha.pk@gmail.com</cntemail>
			</cntinfo>
		</metc>
		<metstdn Sync="TRUE">FGDC Content Standards for Digital Geospatial Metadata</metstdn>
		<metstdv Sync="TRUE">FGDC-STD-001-1998</metstdv>
		<mettc Sync="TRUE">local time</mettc>
		<metextns>
			<onlink>http://www.esri.com/metadata/esriprof80.html</onlink>
			<metprof>ESRI Metadata Profile</metprof>
		</metextns>
		<metextns>
			<onlink>http://www.esri.com/metadata/esriprof80.html</onlink>
			<metprof>ESRI Metadata Profile</metprof>
		</metextns>
		<langmeta Sync="TRUE">en</langmeta></metainfo>
	<Esri><CreaDate>20150403</CreaDate><CreaTime>16160800</CreaTime><SyncOnce>FALSE</SyncOnce><SyncDate>20170813</SyncDate><SyncTime>13581700</SyncTime><ModDate>20170813</ModDate><ModTime>13581700</ModTime><DataProperties><lineage><Process ToolSource="C:\Program Files (x86)\ArcGIS\ArcToolbox\Toolboxes\Data Management Tools.tbx\Merge" Date="20110322" Time="105528">Merge Pak_adm4_floodAffected_pco_20110303;Tehsil_Ahmadpur_Bahawalpur_UC Z:\admin1_5_pco_20110303\Pak_adm4_floodAffected_pco_20110322.shp "PROVINCE 'PROVINCE' true true false 254 Text 0 0 ,First,#,Pak_adm4_floodAffected_pco_20110303,PROVINCE,-1,-1,Tehsil_Ahmadpur_Bahawalpur_UC,PROVINCE,-1,-1;PROVINCE_C 'PROVINCE_C' true true false 9 Long 0 9 ,First,#,Pak_adm4_floodAffected_pco_20110303,PROVINCE_C,-1,-1,Tehsil_Ahmadpur_Bahawalpur_UC,PROVINCE_C,-1,-1;DISTRICT 'DISTRICT' true true false 30 Text 0 0 ,First,#,Pak_adm4_floodAffected_pco_20110303,DISTRICT,-1,-1,Tehsil_Ahmadpur_Bahawalpur_UC,DISTRICT,-1,-1;DISTRICT_C 'DISTRICT_C' true true false 9 Long 0 9 ,First,#,Pak_adm4_floodAffected_pco_20110303,DISTRICT_C,-1,-1,Tehsil_Ahmadpur_Bahawalpur_UC,DISTRICT_C,-1,-1;TEHSIL 'TEHSIL' true true false 30 Text 0 0 ,First,#,Pak_adm4_floodAffected_pco_20110303,TEHSIL,-1,-1,Tehsil_Ahmadpur_Bahawalpur_UC,TEHSIL,-1,-1;TEHSIL_C 'TEHSIL_C' true true false 9 Long 0 9 ,First,#,Pak_adm4_floodAffected_pco_20110303,TEHSIL_C,-1,-1,Tehsil_Ahmadpur_Bahawalpur_UC,TEHSIL_C,-1,-1;UC 'UC' true true false 254 Text 0 0 ,First,#,Pak_adm4_floodAffected_pco_20110303,UC,-1,-1,Tehsil_Ahmadpur_Bahawalpur_UC,UC,-1,-1;UC_C 'UC_C' true true false 9 Long 0 9 ,First,#,Pak_adm4_floodAffected_pco_20110303,UC_C,-1,-1,Tehsil_Ahmadpur_Bahawalpur_UC,UC_C,-1,-1;20110207 '20110207' true true false 4 Short 0 4 ,First,#,Pak_adm4_floodAffected_pco_20110303,20110207,-1,-1;20110301 '20110301' true true false 4 Short 0 4 ,First,#,Pak_adm4_floodAffected_pco_20110303,20110301,-1,-1"</Process><Process ToolSource="C:\Program Files (x86)\ArcGIS\ArcToolbox\Toolboxes\Data Management Tools.tbx\Merge" Date="20110325" Time="122223">Merge Pak_adm4_floodAffected_pco_20110322;Balochistan\Balochistan_Mouza_ordered_UC_all Z:\admin1_5_pco_20110303\Pak_adm4_floodAffected_pco_20110324.shp "PROVINCE 'PROVINCE' true true false 254 Text 0 0 ,First,#,Pak_adm4_floodAffected_pco_20110322,PROVINCE,-1,-1,Balochistan\Balochistan_Mouza_ordered_UC_all,PROVINCE,-1,-1;PROVINCE_C 'PROVINCE_C' true true false 9 Long 0 9 ,First,#,Pak_adm4_floodAffected_pco_20110322,PROVINCE_C,-1,-1,Balochistan\Balochistan_Mouza_ordered_UC_all,PROVINCE_C,-1,-1;DISTRICT 'DISTRICT' true true false 30 Text 0 0 ,First,#,Pak_adm4_floodAffected_pco_20110322,DISTRICT,-1,-1,Balochistan\Balochistan_Mouza_ordered_UC_all,DISTRICT,-1,-1;DISTRICT_C 'DISTRICT_C' true true false 9 Long 0 9 ,First,#,Pak_adm4_floodAffected_pco_20110322,DISTRICT_C,-1,-1,Balochistan\Balochistan_Mouza_ordered_UC_all,DISTRICT_C,-1,-1;TEHSIL 'TEHSIL' true true false 30 Text 0 0 ,First,#,Pak_adm4_floodAffected_pco_20110322,TEHSIL,-1,-1,Balochistan\Balochistan_Mouza_ordered_UC_all,TEHSIL,-1,-1;TEHSIL_C 'TEHSIL_C' true true false 9 Long 0 9 ,First,#,Pak_adm4_floodAffected_pco_20110322,TEHSIL_C,-1,-1,Balochistan\Balochistan_Mouza_ordered_UC_all,TEHSIL_C,-1,-1;UC 'UC' true true false 254 Text 0 0 ,First,#,Pak_adm4_floodAffected_pco_20110322,UC,-1,-1,Balochistan\Balochistan_Mouza_ordered_UC_all,UC,-1,-1;UC_C 'UC_C' true true false 9 Long 0 9 ,First,#,Pak_adm4_floodAffected_pco_20110322,UC_C,-1,-1,Balochistan\Balochistan_Mouza_ordered_UC_all,UC_C,-1,-1;20110207 '20110207' true true false 4 Short 0 4 ,First,#,Pak_adm4_floodAffected_pco_20110322,20110207,-1,-1;20110301 '20110301' true true false 4 Short 0 4 ,First,#,Pak_adm4_floodAffected_pco_20110322,20110301,-1,-1;20110322 '20110322' true true false 4 Short 0 4 ,First,#,Pak_adm4_floodAffected_pco_20110322,20110322,-1,-1;UC_NAME 'UC_NAME' true true false 254 Text 0 0 ,First,#,Pak_adm4_floodAffected_pco_20110322,UC_NAME,-1,-1"</Process><Process ToolSource="c:\program files (x86)\arcgis\desktop10.1\ArcToolbox\Toolboxes\Data Management Tools.tbx\CalculateField" Date="20150403" Time="154816">CalculateField Balochistan_UC_1 PROVINCE "Balochistan" VB #</Process><Process ToolSource="c:\program files (x86)\arcgis\desktop10.1\ArcToolbox\Toolboxes\Data Management Tools.tbx\CalculateField" Date="20150403" Time="161107">CalculateField Balochistan_UC_1 PROVINCE UCase( [PROVINCE] ) VB #</Process><Process ToolSource="c:\program files (x86)\arcgis\desktop10.1\ArcToolbox\Toolboxes\Data Management Tools.tbx\CalculateField" Date="20150403" Time="161208">CalculateField Balochistan_UC_1 PROVINCE UCase( [PROVINCE] ) VB #</Process><Process ToolSource="c:\program files (x86)\arcgis\desktop10.1\ArcToolbox\Toolboxes\Data Management Tools.tbx\CalculateField" Date="20150403" Time="161222">CalculateField Balochistan_UC_1 DISTRICT UCase( [DISTRICT] ) VB #</Process><Process ToolSource="c:\program files (x86)\arcgis\desktop10.1\ArcToolbox\Toolboxes\Data Management Tools.tbx\CalculateField" Date="20150403" Time="161232">CalculateField Balochistan_UC_1 TEHSIL UCase( [TEHSIL] ) VB #</Process><Process ToolSource="c:\program files (x86)\arcgis\desktop10.1\ArcToolbox\Toolboxes\Data Management Tools.tbx\CalculateField" Date="20150403" Time="161243">CalculateField Balochistan_UC_1 UC UCase( [UC] ) VB #</Process><Process ToolSource="c:\program files (x86)\arcgis\desktop10.1\ArcToolbox\Toolboxes\Conversion Tools.tbx\FeatureClassToFeatureClass" Date="20150409" Time="105851">FeatureClassToFeatureClass "C:\Users\Muneeb\Desktop\Final UC\UNION COUNCIL\UNION_COUNCIL_PAKISTAN.shp" "C:\Users\Muneeb\Desktop\Final UC\GEO DATA ADMINBDY\ADMINBDY.gdb\DATA" Union_Council # "PROVINCE "PROVINCE" true true false 254 Text 0 0 ,First,#,C:\Users\Muneeb\Desktop\Final UC\UNION COUNCIL\UNION_COUNCIL_PAKISTAN.shp,PROVINCE,-1,-1;DISTRICT "DISTRICT" true true false 30 Text 0 0 ,First,#,C:\Users\Muneeb\Desktop\Final UC\UNION COUNCIL\UNION_COUNCIL_PAKISTAN.shp,DISTRICT,-1,-1;TEHSIL "TEHSIL" true true false 30 Text 0 0 ,First,#,C:\Users\Muneeb\Desktop\Final UC\UNION COUNCIL\UNION_COUNCIL_PAKISTAN.shp,TEHSIL,-1,-1;UC "UC" true true false 254 Text 0 0 ,First,#,C:\Users\Muneeb\Desktop\Final UC\UNION COUNCIL\UNION_COUNCIL_PAKISTAN.shp,UC,-1,-1;UC_C "UC_C" true true false 9 Long 0 9 ,First,#,C:\Users\Muneeb\Desktop\Final UC\UNION COUNCIL\UNION_COUNCIL_PAKISTAN.shp,UC_C,-1,-1;Flood "Flood" true true false 50 Text 0 0 ,First,#,C:\Users\Muneeb\Desktop\Final UC\UNION COUNCIL\UNION_COUNCIL_PAKISTAN.shp,Flood,-1,-1;Area "Area" true true false 19 Double 0 0 ,First,#,C:\Users\Muneeb\Desktop\Final UC\UNION COUNCIL\UNION_COUNCIL_PAKISTAN.shp,Area,-1,-1;TOWN "TOWN" true true false 200 Text 0 0 ,First,#,C:\Users\Muneeb\Desktop\Final UC\UNION COUNCIL\UNION_COUNCIL_PAKISTAN.shp,TOWN,-1,-1;U_R "U_R" true true false 50 Text 0 0 ,First,#,C:\Users\Muneeb\Desktop\Final UC\UNION COUNCIL\UNION_COUNCIL_PAKISTAN.shp,U_R,-1,-1;2010_DIST "2010_DIST" true true false 50 Text 0 0 ,First,#,C:\Users\Muneeb\Desktop\Final UC\UNION COUNCIL\UNION_COUNCIL_PAKISTAN.shp,2010_DIST,-1,-1;2011_DIST "2011_DIST" true true false 50 Text 0 0 ,First,#,C:\Users\Muneeb\Desktop\Final UC\UNION COUNCIL\UNION_COUNCIL_PAKISTAN.shp,2011_DIST,-1,-1;2012_DIST "2012_DIST" true true false 50 Text 0 0 ,First,#,C:\Users\Muneeb\Desktop\Final UC\UNION COUNCIL\UNION_COUNCIL_PAKISTAN.shp,2012_DIST,-1,-1;2013_DIST "2013_DIST" true true false 50 Text 0 0 ,First,#,C:\Users\Muneeb\Desktop\Final UC\UNION COUNCIL\UNION_COUNCIL_PAKISTAN.shp,2013_DIST,-1,-1;2014_DIST "2014_DIST" true true false 50 Text 0 0 ,First,#,C:\Users\Muneeb\Desktop\Final UC\UNION COUNCIL\UNION_COUNCIL_PAKISTAN.shp,2014_DIST,-1,-1" #</Process><Process ToolSource="c:\program files (x86)\arcgis\desktop10.1\ArcToolbox\Toolboxes\Data Management Tools.tbx\CalculateField" Date="20150410" Time="143246">CalculateField Union_Council TOWN "Korangi Town" VB #</Process><Process ToolSource="c:\program files (x86)\arcgis\desktop10.1\ArcToolbox\Toolboxes\Data Management Tools.tbx\CalculateField" Date="20150410" Time="143321">CalculateField Union_Council TOWN "Bin Qasimi Town" VB #</Process><Process ToolSource="c:\program files (x86)\arcgis\desktop10.1\ArcToolbox\Toolboxes\Data Management Tools.tbx\CalculateField" Date="20150410" Time="143329">CalculateField Union_Council TOWN "Bin Qasim Town" VB #</Process><Process ToolSource="c:\program files (x86)\arcgis\desktop10.1\ArcToolbox\Toolboxes\Data Management Tools.tbx\CalculateField" Date="20150410" Time="143358">CalculateField Union_Council TOWN "Malir Town" VB #</Process><Process ToolSource="c:\program files (x86)\arcgis\desktop10.1\ArcToolbox\Toolboxes\Data Management Tools.tbx\CalculateField" Date="20150410" Time="143418">CalculateField Union_Council TOWN "Gulshan e Iqbal Town" VB #</Process><Process ToolSource="c:\program files (x86)\arcgis\desktop10.1\ArcToolbox\Toolboxes\Data Management Tools.tbx\CalculateField" Date="20150410" Time="143507">CalculateField Union_Council TOWN "North Nazimabad Town" VB #</Process><Process ToolSource="c:\program files (x86)\arcgis\desktop10.1\ArcToolbox\Toolboxes\Data Management Tools.tbx\CalculateField" Date="20150410" Time="143600">CalculateField Union_Council TOWN "New Karachi Town" VB #</Process><Process ToolSource="c:\program files (x86)\arcgis\desktop10.1\ArcToolbox\Toolboxes\Data Management Tools.tbx\CalculateField" Date="20150410" Time="143742">CalculateField Union_Council TOWN "Kiamari Town" VB #</Process><Process ToolSource="c:\program files (x86)\arcgis\desktop10.1\ArcToolbox\Toolboxes\Data Management Tools.tbx\CalculateField" Date="20150509" Time="112708">CalculateField Union_Council UC "KASHMORE-I" VB #</Process><Process ToolSource="c:\program files (x86)\arcgis\desktop10.1\ArcToolbox\Toolboxes\Data Management Tools.tbx\CalculateField" Date="20150509" Time="112809">CalculateField Union_Council UC "KASHMORE COLONY 1" VB #</Process><Process ToolSource="c:\program files (x86)\arcgis\desktop10.1\ArcToolbox\Toolboxes\Data Management Tools.tbx\CalculateField" Date="20150624" Time="095627">CalculateField Union_Council TOWN UCase( [TOWN] ) VB #</Process><Process ToolSource="c:\program files (x86)\arcgis\desktop10.1\ArcToolbox\Toolboxes\Data Management Tools.tbx\CalculateField" Date="20150624" Time="095637">CalculateField Union_Council TEHSIL [TOWN] VB #</Process><Process ToolSource="c:\program files (x86)\arcgis\desktop10.1\ArcToolbox\Toolboxes\Data Management Tools.tbx\CalculateField" Date="20150627" Time="105940">CalculateField Union_Council DISTRICT "KARACHI WEST" VB #</Process><Process ToolSource="c:\program files (x86)\arcgis\desktop10.1\ArcToolbox\Toolboxes\Data Management Tools.tbx\CalculateField" Date="20150627" Time="110008">CalculateField Union_Council DISTRICT "MALIR" VB #</Process><Process ToolSource="c:\program files (x86)\arcgis\desktop10.1\ArcToolbox\Toolboxes\Data Management Tools.tbx\CalculateField" Date="20150627" Time="110028">CalculateField Union_Council DISTRICT [TEHSIL] VB #</Process><Process ToolSource="c:\program files (x86)\arcgis\desktop10.1\ArcToolbox\Toolboxes\Data Management Tools.tbx\CalculateField" Date="20150627" Time="110036">CalculateField Union_Council DISTRICT [TEHSIL] VB #</Process><Process ToolSource="c:\program files (x86)\arcgis\desktop10.1\ArcToolbox\Toolboxes\Data Management Tools.tbx\CalculateField" Date="20150627" Time="110053">CalculateField Union_Council DISTRICT "MALIR" VB #</Process><Process ToolSource="c:\program files (x86)\arcgis\desktop10.1\ArcToolbox\Toolboxes\Data Management Tools.tbx\CalculateField" Date="20150627" Time="110111">CalculateField Union_Council DISTRICT "KARACHI CENTRAL" VB #</Process><Process ToolSource="c:\program files (x86)\arcgis\desktop10.1\ArcToolbox\Toolboxes\Data Management Tools.tbx\CalculateField" Date="20150627" Time="110125">CalculateField Union_Council DISTRICT "KARACHI EAST" VB #</Process><Process ToolSource="c:\program files (x86)\arcgis\desktop10.1\ArcToolbox\Toolboxes\Data Management Tools.tbx\CalculateField" Date="20150627" Time="110154">CalculateField Union_Council DISTRICT "KARACHI SOUTH" VB #</Process><Process ToolSource="c:\program files (x86)\arcgis\desktop10.1\ArcToolbox\Toolboxes\Data Management Tools.tbx\CalculateField" Date="20150627" Time="110205">CalculateField Union_Council DISTRICT [TEHSIL] VB #</Process><Process ToolSource="c:\program files (x86)\arcgis\desktop10.1\ArcToolbox\Toolboxes\Data Management Tools.tbx\CalculateField" Date="20150627" Time="110225">CalculateField Union_Council DISTRICT "KARACHI WEST" VB #</Process><Process ToolSource="c:\program files (x86)\arcgis\desktop10.1\ArcToolbox\Toolboxes\Data Management Tools.tbx\CalculateField" Date="20150627" Time="110237">CalculateField Union_Council DISTRICT [TEHSIL] VB #</Process><Process ToolSource="c:\program files (x86)\arcgis\desktop10.1\ArcToolbox\Toolboxes\Data Management Tools.tbx\CalculateField" Date="20150627" Time="110307">CalculateField Union_Council DISTRICT "KORANGI" VB #</Process><Process ToolSource="c:\program files (x86)\arcgis\desktop10.1\ArcToolbox\Toolboxes\Data Management Tools.tbx\CalculateField" Date="20150627" Time="110317">CalculateField Union_Council DISTRICT "KORANGI" VB #</Process><Process ToolSource="c:\program files (x86)\arcgis\desktop10.1\ArcToolbox\Toolboxes\Data Management Tools.tbx\CalculateField" Date="20150627" Time="110338">CalculateField Union_Council DISTRICT "KARACHI SOUTH" VB #</Process><Process ToolSource="c:\program files (x86)\arcgis\desktop10.1\ArcToolbox\Toolboxes\Data Management Tools.tbx\CalculateField" Date="20150627" Time="110401">CalculateField Union_Council DISTRICT "KARACHI CENTRAL" VB #</Process><Process ToolSource="c:\program files (x86)\arcgis\desktop10.1\ArcToolbox\Toolboxes\Data Management Tools.tbx\CalculateField" Date="20150627" Time="110416">CalculateField Union_Council DISTRICT [TEHSIL] VB #</Process><Process ToolSource="c:\program files (x86)\arcgis\desktop10.1\ArcToolbox\Toolboxes\Data Management Tools.tbx\CalculateField" Date="20150627" Time="110433">CalculateField Union_Council DISTRICT "MALIR" VB #</Process><Process ToolSource="c:\program files (x86)\arcgis\desktop10.1\ArcToolbox\Toolboxes\Data Management Tools.tbx\CalculateField" Date="20150627" Time="110450">CalculateField Union_Council DISTRICT [TEHSIL] VB #</Process><Process ToolSource="c:\program files (x86)\arcgis\desktop10.1\ArcToolbox\Toolboxes\Data Management Tools.tbx\CalculateField" Date="20150627" Time="110509">CalculateField Union_Council DISTRICT "KARACHI CENTRAL" VB #</Process><Process ToolSource="c:\program files (x86)\arcgis\desktop10.1\ArcToolbox\Toolboxes\Data Management Tools.tbx\CalculateField" Date="20150627" Time="110519">CalculateField Union_Council DISTRICT "KARACHI CENTRAL" VB #</Process><Process ToolSource="c:\program files (x86)\arcgis\desktop10.1\ArcToolbox\Toolboxes\Data Management Tools.tbx\CalculateField" Date="20150627" Time="110539">CalculateField Union_Council DISTRICT "KARACHI WEST" VB #</Process><Process ToolSource="c:\program files (x86)\arcgis\desktop10.1\ArcToolbox\Toolboxes\Data Management Tools.tbx\CalculateField" Date="20150627" Time="110607">CalculateField Union_Council DISTRICT "KORANGI" VB #</Process><Process ToolSource="c:\program files (x86)\arcgis\desktop10.1\ArcToolbox\Toolboxes\Data Management Tools.tbx\CalculateField" Date="20150627" Time="110629">CalculateField Union_Council DISTRICT "KARACHI SOUTH" VB #</Process><Process ToolSource="c:\program files (x86)\arcgis\desktop10.1\ArcToolbox\Toolboxes\Data Management Tools.tbx\CalculateField" Date="20150627" Time="110701">CalculateField Union_Council DISTRICT "KARACHI WEST" VB #</Process><Process ToolSource="c:\program files (x86)\arcgis\desktop10.1\ArcToolbox\Toolboxes\Data Management Tools.tbx\CalculateField" Date="20150701" Time="105706">CalculateField "Union_Council alhasan" PROVINCE "Sindh" VB #</Process><Process ToolSource="c:\program files (x86)\arcgis\desktop10.1\ArcToolbox\Toolboxes\Data Management Tools.tbx\CalculateField" Date="20150701" Time="105919">CalculateField "Union_Council alhasan" PROVINCE_C 8 VB #</Process><Process ToolSource="c:\program files (x86)\arcgis\desktop10.1\ArcToolbox\Toolboxes\Data Management Tools.tbx\CalculateField" Date="20150701" Time="112026">CalculateField "Union_Council alhasan" PROVINCE "Balochistan" VB #</Process><Process ToolSource="c:\program files (x86)\arcgis\desktop10.1\ArcToolbox\Toolboxes\Data Management Tools.tbx\CalculateField" Date="20150701" Time="112148">CalculateField "Union_Council alhasan" PROVINCE_C 7 VB #</Process><Process ToolSource="c:\program files (x86)\arcgis\desktop10.1\ArcToolbox\Toolboxes\Data Management Tools.tbx\CalculateField" Date="20150701" Time="112302">CalculateField "Union_Council alhasan" PROVINCE "Punjab" VB #</Process><Process ToolSource="c:\program files (x86)\arcgis\desktop10.1\ArcToolbox\Toolboxes\Data Management Tools.tbx\CalculateField" Date="20150701" Time="113505">CalculateField "Union_Council alhasan" PROVINCE_C 6 VB #</Process><Process ToolSource="c:\program files (x86)\arcgis\desktop10.1\ArcToolbox\Toolboxes\Data Management Tools.tbx\CalculateField" Date="20150701" Time="114751">CalculateField "Union_Council alhasan" PROVINCE "Khyber Pakhtunkhwa" VB #</Process><Process ToolSource="c:\program files (x86)\arcgis\desktop10.1\ArcToolbox\Toolboxes\Data Management Tools.tbx\CalculateField" Date="20150701" Time="115155">CalculateField "Union_Council alhasan" PROVINCE "Khyber Pakhtunkhwa" VB #</Process><Process ToolSource="c:\program files (x86)\arcgis\desktop10.1\ArcToolbox\Toolboxes\Data Management Tools.tbx\CalculateField" Date="20150701" Time="115518">CalculateField "Union_Council alhasan" PROVINCE_C 2 VB #</Process><Process ToolSource="c:\program files (x86)\arcgis\desktop10.1\ArcToolbox\Toolboxes\Data Management Tools.tbx\CalculateField" Date="20150701" Time="115913">CalculateField "Union_Council alhasan" PROVINCE_C 2 VB #</Process><Process ToolSource="c:\program files (x86)\arcgis\desktop10.1\ArcToolbox\Toolboxes\Data Management Tools.tbx\CalculateField" Date="20150701" Time="120001">CalculateField "Union_Council alhasan" DISTRICT_C 219 VB #</Process><Process ToolSource="c:\program files (x86)\arcgis\desktop10.1\ArcToolbox\Toolboxes\Data Management Tools.tbx\CalculateField" Date="20150701" Time="120012">CalculateField "Union_Council alhasan" TEHSIL_C 21901 VB #</Process><Process ToolSource="c:\program files (x86)\arcgis\desktop10.1\ArcToolbox\Toolboxes\Data Management Tools.tbx\CalculateField" Date="20150701" Time="120026">CalculateField "Union_Council alhasan" UC_NAME [UC] VB #</Process><Process ToolSource="c:\program files (x86)\arcgis\desktop10.1\ArcToolbox\Toolboxes\Data Management Tools.tbx\CalculateField" Date="20150702" Time="134230">CalculateField Union_Council DISTRICT LCase( [DISTRICT] ) VB #</Process><Process ToolSource="c:\program files (x86)\arcgis\desktop10.1\ArcToolbox\Toolboxes\Data Management Tools.tbx\CalculateField" Date="20150702" Time="134257">CalculateField Union_Council DISTRICT UCase( [DISTRICT] ) VB #</Process><Process ToolSource="c:\program files (x86)\arcgis\desktop10.1\ArcToolbox\Toolboxes\Data Management Tools.tbx\CalculateField" Date="20150702" Time="134310">CalculateField Union_Council Data_Source "Alhasan" VB #</Process><Process ToolSource="c:\program files (x86)\arcgis\desktop10.1\ArcToolbox\Toolboxes\Data Management Tools.tbx\CalculateField" Date="20150702" Time="134341">CalculateField Union_Council Data_Source "PCO" VB #</Process><Process ToolSource="c:\program files (x86)\arcgis\desktop10.1\ArcToolbox\Toolboxes\Data Management Tools.tbx\CalculateField" Date="20150702" Time="134611">CalculateField Union_Council DISTRICT " ".join([x.capitalize() for x in !DISTRICT!.split(" ")]) PYTHON_9.3 #</Process><Process ToolSource="c:\program files (x86)\arcgis\desktop10.1\ArcToolbox\Toolboxes\Data Management Tools.tbx\CalculateField" Date="20150702" Time="134643">CalculateField Union_Council TEHSIL " ".join([x.capitalize() for x in !TEHSIL! .split(" ")]) PYTHON_9.3 #</Process><Process ToolSource="c:\program files (x86)\arcgis\desktop10.1\ArcToolbox\Toolboxes\Data Management Tools.tbx\CalculateField" Date="20150702" Time="134713">CalculateField Union_Council UC " ".join([x.capitalize() for x in !UC! .split(" ")]) PYTHON_9.3 #</Process><Process ToolSource="c:\program files (x86)\arcgis\desktop10.1\ArcToolbox\Toolboxes\Data Management Tools.tbx\CalculateField" Date="20150702" Time="134754">CalculateField Union_Council UC_NAME " ".join([x.capitalize() for x in !UC_NAME! .split(" ")]) PYTHON_9.3 #</Process><Process ToolSource="c:\program files (x86)\arcgis\desktop10.1\ArcToolbox\Toolboxes\Data Management Tools.tbx\CalculateField" Date="20150702" Time="135018">CalculateField Union_Council DISTRICT " ".join([x.capitalize() for x in !DISTRICT! .split(" ")]) PYTHON_9.3 #</Process><Process ToolSource="c:\program files (x86)\arcgis\desktop10.1\ArcToolbox\Toolboxes\Data Management Tools.tbx\CalculateField" Date="20150702" Time="135035">CalculateField Union_Council TEHSIL " ".join([x.capitalize() for x in !TEHSIL! .split(" ")]) PYTHON_9.3 #</Process><Process ToolSource="c:\program files (x86)\arcgis\desktop10.1\ArcToolbox\Toolboxes\Data Management Tools.tbx\CalculateField" Date="20150702" Time="135043">CalculateField Union_Council UC " ".join([x.capitalize() for x in !UC! .split(" ")]) PYTHON_9.3 #</Process><Process ToolSource="c:\program files (x86)\arcgis\desktop10.1\ArcToolbox\Toolboxes\Data Management Tools.tbx\CalculateField" Date="20150702" Time="140107">CalculateField Union_Council Data_Source "Alhasan" VB #</Process><Process ToolSource="c:\program files (x86)\arcgis\desktop10.1\ArcToolbox\Toolboxes\Data Management Tools.tbx\CalculateField" Date="20150702" Time="140215">CalculateField Union_Council TEHSIL "Peshawar" VB #</Process><Process ToolSource="c:\program files (x86)\arcgis\desktop10.1\ArcToolbox\Toolboxes\Data Management Tools.tbx\CalculateField" Date="20150702" Time="140334">CalculateField Union_Council TEHSIL_C 80801 VB #</Process><Process ToolSource="c:\program files (x86)\arcgis\desktop10.1\ArcToolbox\Toolboxes\Data Management Tools.tbx\CalculateField" Date="20150702" Time="140347">CalculateField Union_Council UC_C 800169 VB #</Process><Process ToolSource="c:\program files (x86)\arcgis\desktop10.1\ArcToolbox\Toolboxes\Data Management Tools.tbx\CalculateField" Date="20150702" Time="140518">CalculateField Union_Council DISTRICT_C 808 VB #</Process><Process ToolSource="c:\program files (x86)\arcgis\desktop10.1\ArcToolbox\Toolboxes\Data Management Tools.tbx\CalculateField" Date="20150702" Time="142106">CalculateField Union_Council UC_NAME 888888888 VB #</Process><Process ToolSource="c:\program files (x86)\arcgis\desktop10.1\ArcToolbox\Toolboxes\Data Management Tools.tbx\CalculateField" Date="20150702" Time="143206">CalculateField Union_Council UC_C 0 VB #</Process><Process ToolSource="c:\program files (x86)\arcgis\desktop10.1\ArcToolbox\Toolboxes\Data Management Tools.tbx\CalculateField" Date="20150702" Time="143345">CalculateField Union_Council TEHSIL "Lahore" VB #</Process><Process ToolSource="c:\program files (x86)\arcgis\desktop10.1\ArcToolbox\Toolboxes\Data Management Tools.tbx\CalculateField" Date="20150702" Time="144437">CalculateField Union_Council Level 1 VB #</Process><Process ToolSource="c:\program files (x86)\arcgis\desktop10.1\ArcToolbox\Toolboxes\Data Management Tools.tbx\CalculateField" Date="20150702" Time="144632">CalculateField Union_Council Level 1 VB #</Process><Process ToolSource="c:\program files (x86)\arcgis\desktop10.1\ArcToolbox\Toolboxes\Data Management Tools.tbx\CalculateField" Date="20150702" Time="145535">CalculateField Union_Council Level 2 VB #</Process><Process ToolSource="c:\program files (x86)\arcgis\desktop10.1\ArcToolbox\Toolboxes\Data Management Tools.tbx\CalculateField" Date="20150703" Time="112829">CalculateField Union_Council DISTRICT_C 35 VB #</Process><Process ToolSource="c:\program files (x86)\arcgis\desktop10.1\ArcToolbox\Toolboxes\Data Management Tools.tbx\CalculateField" Date="20150703" Time="113357">CalculateField Union_Council DISTRICT "Quetta" VB #</Process><Process ToolSource="c:\program files (x86)\arcgis\desktop10.1\ArcToolbox\Toolboxes\Data Management Tools.tbx\CalculateField" Date="20150705" Time="120339">CalculateField Union_Council Level "" VB #</Process><Process ToolSource="c:\program files (x86)\arcgis\desktop10.1\ArcToolbox\Toolboxes\Data Management Tools.tbx\CalculateField" Date="20150705" Time="121618">CalculateField Union_Council Level 1 VB #</Process><Process ToolSource="c:\program files (x86)\arcgis\desktop10.1\ArcToolbox\Toolboxes\Data Management Tools.tbx\CalculateField" Date="20150706" Time="133715">CalculateField Union_Council UC [New_Name] VB #</Process><Process ToolSource="c:\program files (x86)\arcgis\desktop10.1\ArcToolbox\Toolboxes\Data Management Tools.tbx\CalculateField" Date="20150706" Time="133830">CalculateField Union_Council TEHSIL " ".join([x.capitalize() for x in !TEHSIL! .split(" ")]) PYTHON_9.3 #</Process><Process ToolSource="c:\program files (x86)\arcgis\desktop10.1\ArcToolbox\Toolboxes\Conversion Tools.tbx\FeatureClassToFeatureClass" Date="20150804" Time="130754">FeatureClassToFeatureClass "C:\Users\Muneeb\Desktop\Final UC\GEO DATA ADMINBDY\ADMINBDY.gdb\DATA\Union_Council" "D:\BACKUP FILES\ALL ALHASAN GEO DATABASE\GEO DATA\Data.gdb\Adminbdy" Union_Council_Update # "PROVINCE "PROVINCE" true true false 254 Text 0 0 ,First,#,C:\Users\Muneeb\Desktop\Final UC\GEO DATA ADMINBDY\ADMINBDY.gdb\DATA\Union_Council,PROVINCE,-1,-1;DISTRICT "DISTRICT" true true false 30 Text 0 0 ,First,#,C:\Users\Muneeb\Desktop\Final UC\GEO DATA ADMINBDY\ADMINBDY.gdb\DATA\Union_Council,DISTRICT,-1,-1;TEHSIL "TEHSIL" true true false 30 Text 0 0 ,First,#,C:\Users\Muneeb\Desktop\Final UC\GEO DATA ADMINBDY\ADMINBDY.gdb\DATA\Union_Council,TEHSIL,-1,-1;UC "UC" true true false 254 Text 0 0 ,First,#,C:\Users\Muneeb\Desktop\Final UC\GEO DATA ADMINBDY\ADMINBDY.gdb\DATA\Union_Council,UC,-1,-1;UC_C "UC_C" true true false 4 Long 0 0 ,First,#,C:\Users\Muneeb\Desktop\Final UC\GEO DATA ADMINBDY\ADMINBDY.gdb\DATA\Union_Council,UC_C,-1,-1;Flood "Flood" true true false 50 Text 0 0 ,First,#,C:\Users\Muneeb\Desktop\Final UC\GEO DATA ADMINBDY\ADMINBDY.gdb\DATA\Union_Council,Flood,-1,-1;Area "Area" true true false 8 Double 0 0 ,First,#,C:\Users\Muneeb\Desktop\Final UC\GEO DATA ADMINBDY\ADMINBDY.gdb\DATA\Union_Council,Area,-1,-1;TOWN "TOWN" true true false 200 Text 0 0 ,First,#,C:\Users\Muneeb\Desktop\Final UC\GEO DATA ADMINBDY\ADMINBDY.gdb\DATA\Union_Council,TOWN,-1,-1;U_R "U_R" true true false 50 Text 0 0 ,First,#,C:\Users\Muneeb\Desktop\Final UC\GEO DATA ADMINBDY\ADMINBDY.gdb\DATA\Union_Council,U_R,-1,-1;Shape_Length "Shape_Length" false true true 8 Double 0 0 ,First,#,C:\Users\Muneeb\Desktop\Final UC\GEO DATA ADMINBDY\ADMINBDY.gdb\DATA\Union_Council,Shape_Length,-1,-1;Shape_Area "Shape_Area" false true true 8 Double 0 0 ,First,#,C:\Users\Muneeb\Desktop\Final UC\GEO DATA ADMINBDY\ADMINBDY.gdb\DATA\Union_Council,Shape_Area,-1,-1;PROVINCE_C "PROVINCE_C" true true false 4 Long 0 0 ,First,#,C:\Users\Muneeb\Desktop\Final UC\GEO DATA ADMINBDY\ADMINBDY.gdb\DATA\Union_Council,PROVINCE_C,-1,-1;DISTRICT_C "DISTRICT_C" true true false 4 Long 0 0 ,First,#,C:\Users\Muneeb\Desktop\Final UC\GEO DATA ADMINBDY\ADMINBDY.gdb\DATA\Union_Council,DISTRICT_C,-1,-1;TEHSIL_C "TEHSIL_C" true true false 4 Long 0 0 ,First,#,C:\Users\Muneeb\Desktop\Final UC\GEO DATA ADMINBDY\ADMINBDY.gdb\DATA\Union_Council,TEHSIL_C,-1,-1;UC_NAME "UC_NAME" true true false 254 Text 0 0 ,First,#,C:\Users\Muneeb\Desktop\Final UC\GEO DATA ADMINBDY\ADMINBDY.gdb\DATA\Union_Council,UC_NAME,-1,-1;Data_Source "Data_Source" true true false 50 Text 0 0 ,First,#,C:\Users\Muneeb\Desktop\Final UC\GEO DATA ADMINBDY\ADMINBDY.gdb\DATA\Union_Council,Data_Source,-1,-1;Level "Level" true true false 50 Text 0 0 ,First,#,C:\Users\Muneeb\Desktop\Final UC\GEO DATA ADMINBDY\ADMINBDY.gdb\DATA\Union_Council,Level,-1,-1;School "School" true true false 8 Double 0 0 ,First,#,C:\Users\Muneeb\Desktop\Final UC\GEO DATA ADMINBDY\ADMINBDY.gdb\DATA\Union_Council,School,-1,-1;New_Name "New_Name" true true false 254 Text 0 0 ,First,#,C:\Users\Muneeb\Desktop\Final UC\GEO DATA ADMINBDY\ADMINBDY.gdb\DATA\Union_Council,New_Name,-1,-1" #</Process><Process ToolSource="c:\program files (x86)\arcgis\desktop10.1\ArcToolbox\Toolboxes\Conversion Tools.tbx\FeatureClassToFeatureClass" Date="20170803" Time="192433">FeatureClassToFeatureClass "D:\BACKUP FILES\ALL ALHASAN GEO DATABASE\GEO DATA\Data.gdb\Adminbdy\Union_Council_Update" "D:\ALHASAN PUBLIC DATABASE\Geodatabase.gdb\Pakistan_Alhasan_Systems" Union_Council # "PROVINCE "PROVINCE" true true false 254 Text 0 0 ,First,#,D:\BACKUP FILES\ALL ALHASAN GEO DATABASE\GEO DATA\Data.gdb\Adminbdy\Union_Council_Update,PROVINCE,-1,-1;DISTRICT "DISTRICT" true true false 30 Text 0 0 ,First,#,D:\BACKUP FILES\ALL ALHASAN GEO DATABASE\GEO DATA\Data.gdb\Adminbdy\Union_Council_Update,DISTRICT,-1,-1;TEHSIL "TEHSIL" true true false 30 Text 0 0 ,First,#,D:\BACKUP FILES\ALL ALHASAN GEO DATABASE\GEO DATA\Data.gdb\Adminbdy\Union_Council_Update,TEHSIL,-1,-1;UC "UC" true true false 254 Text 0 0 ,First,#,D:\BACKUP FILES\ALL ALHASAN GEO DATABASE\GEO DATA\Data.gdb\Adminbdy\Union_Council_Update,UC,-1,-1;UC_C "UC_C" true true false 4 Long 0 0 ,First,#,D:\BACKUP FILES\ALL ALHASAN GEO DATABASE\GEO DATA\Data.gdb\Adminbdy\Union_Council_Update,UC_C,-1,-1;Flood "Flood" true true false 50 Text 0 0 ,First,#,D:\BACKUP FILES\ALL ALHASAN GEO DATABASE\GEO DATA\Data.gdb\Adminbdy\Union_Council_Update,Flood,-1,-1;Area "Area" true true false 8 Double 0 0 ,First,#,D:\BACKUP FILES\ALL ALHASAN GEO DATABASE\GEO DATA\Data.gdb\Adminbdy\Union_Council_Update,Area,-1,-1;TOWN "TOWN" true true false 200 Text 0 0 ,First,#,D:\BACKUP FILES\ALL ALHASAN GEO DATABASE\GEO DATA\Data.gdb\Adminbdy\Union_Council_Update,TOWN,-1,-1;U_R "U_R" true true false 50 Text 0 0 ,First,#,D:\BACKUP FILES\ALL ALHASAN GEO DATABASE\GEO DATA\Data.gdb\Adminbdy\Union_Council_Update,U_R,-1,-1;PROVINCE_C "PROVINCE_C" true true false 4 Long 0 0 ,First,#,D:\BACKUP FILES\ALL ALHASAN GEO DATABASE\GEO DATA\Data.gdb\Adminbdy\Union_Council_Update,PROVINCE_C,-1,-1;DISTRICT_C "DISTRICT_C" true true false 4 Long 0 0 ,First,#,D:\BACKUP FILES\ALL ALHASAN GEO DATABASE\GEO DATA\Data.gdb\Adminbdy\Union_Council_Update,DISTRICT_C,-1,-1;TEHSIL_C "TEHSIL_C" true true false 4 Long 0 0 ,First,#,D:\BACKUP FILES\ALL ALHASAN GEO DATABASE\GEO DATA\Data.gdb\Adminbdy\Union_Council_Update,TEHSIL_C,-1,-1;UC_NAME "UC_NAME" true true false 254 Text 0 0 ,First,#,D:\BACKUP FILES\ALL ALHASAN GEO DATABASE\GEO DATA\Data.gdb\Adminbdy\Union_Council_Update,UC_NAME,-1,-1;Data_Source "Data_Source" true true false 50 Text 0 0 ,First,#,D:\BACKUP FILES\ALL ALHASAN GEO DATABASE\GEO DATA\Data.gdb\Adminbdy\Union_Council_Update,Data_Source,-1,-1;Level "Level" true true false 50 Text 0 0 ,First,#,D:\BACKUP FILES\ALL ALHASAN GEO DATABASE\GEO DATA\Data.gdb\Adminbdy\Union_Council_Update,Level,-1,-1;School "School" true true false 8 Double 0 0 ,First,#,D:\BACKUP FILES\ALL ALHASAN GEO DATABASE\GEO DATA\Data.gdb\Adminbdy\Union_Council_Update,School,-1,-1;New_Name "New_Name" true true false 254 Text 0 0 ,First,#,D:\BACKUP FILES\ALL ALHASAN GEO DATABASE\GEO DATA\Data.gdb\Adminbdy\Union_Council_Update,New_Name,-1,-1;Shape_Length "Shape_Length" false true true 8 Double 0 0 ,First,#,D:\BACKUP FILES\ALL ALHASAN GEO DATABASE\GEO DATA\Data.gdb\Adminbdy\Union_Council_Update,Shape_Length,-1,-1;Shape_Area "Shape_Area" false true true 8 Double 0 0 ,First,#,D:\BACKUP FILES\ALL ALHASAN GEO DATABASE\GEO DATA\Data.gdb\Adminbdy\Union_Council_Update,Shape_Area,-1,-1" #</Process><Process ToolSource="c:\program files (x86)\arcgis\desktop10.1\ArcToolbox\Toolboxes\Data Management Tools.tbx\CopyFeatures" Date="20170813" Time="135820">CopyFeatures "D:\ALHASAN PUBLIC DATABASE\Pakistan_Geodatabase_Alhasan_Systems.gdb\Pakistan_Geodatabase_Alhasan_Systems\Union_Council" "D:\ALHASAN PUBLIC DATABASE\Adminbdy Shapefile\Union_Council.shp" # 0 0 0</Process></lineage><itemProps><itemLocation><linkage Sync="TRUE">file://\\MUNEEB-PC\D$\ALHASAN PUBLIC DATABASE\Adminbdy Shapefile\Union_Council.shp</linkage><protocol Sync="TRUE">Local Area Network</protocol></itemLocation><itemName Sync="TRUE">Union_Council</itemName><imsContentType Sync="TRUE">002</imsContentType><nativeExtBox><westBL Sync="TRUE">67.113045</westBL><eastBL Sync="TRUE">74.131949</eastBL><southBL Sync="TRUE">23.694683</southBL><northBL Sync="TRUE">36.908575</northBL><exTypeCode Sync="TRUE">1</exTypeCode></nativeExtBox><itemSize Sync="TRUE">0.000</itemSize></itemProps><copyHistory><copy source="C:\Data\GIS Data\Input Data\Shapefiles\Hazard's Data\Flood\Pak_adm4_floodAffected_pco_20110324" dest="\\IMRA-LAP\Users\pc\Desktop\New Folder (2)\Pak_adm4_floodAffected_pco_20110324" date="20120528" time="11155400"></copy></copyHistory><coordRef><type Sync="TRUE">Geographic</type><geogcsn Sync="TRUE">GCS_WGS_1984</geogcsn><peXml Sync="TRUE">&lt;GeographicCoordinateSystem xsi:type='typens:GeographicCoordinateSystem' xmlns:xsi='http://www.w3.org/2001/XMLSchema-instance' xmlns:xs='http://www.w3.org/2001/XMLSchema' xmlns:typens='http://www.esri.com/schemas/ArcGIS/10.1'&gt;&lt;WKT&gt;GEOGCS[&amp;quot;GCS_WGS_1984&amp;quot;,DATUM[&amp;quot;D_WGS_1984&amp;quot;,SPHEROID[&amp;quot;WGS_1984&amp;quot;,6378137.0,298.257223563]],PRIMEM[&amp;quot;Greenwich&amp;quot;,0.0],UNIT[&amp;quot;Degree&amp;quot;,0.0174532925199433],AUTHORITY[&amp;quot;EPSG&amp;quot;,4326]],VERTCS[&amp;quot;WGS_1984&amp;quot;,DATUM[&amp;quot;D_WGS_1984&amp;quot;,SPHEROID[&amp;quot;WGS_1984&amp;quot;,6378137.0,298.257223563]],PARAMETER[&amp;quot;Vertical_Shift&amp;quot;,0.0],PARAMETER[&amp;quot;Direction&amp;quot;,1.0],UNIT[&amp;quot;Meter&amp;quot;,1.0],AUTHORITY[&amp;quot;ESRI&amp;quot;,115700]]&lt;/WKT&gt;&lt;XOrigin&gt;-400&lt;/XOrigin&gt;&lt;YOrigin&gt;-400&lt;/YOrigin&gt;&lt;XYScale&gt;11258999068426.238&lt;/XYScale&gt;&lt;ZOrigin&gt;-100000&lt;/ZOrigin&gt;&lt;ZScale&gt;10000&lt;/ZScale&gt;&lt;MOrigin&gt;-100000&lt;/MOrigin&gt;&lt;MScale&gt;10000&lt;/MScale&gt;&lt;XYTolerance&gt;8.983152841195215e-009&lt;/XYTolerance&gt;&lt;ZTolerance&gt;0.001&lt;/ZTolerance&gt;&lt;MTolerance&gt;0.001&lt;/MTolerance&gt;&lt;HighPrecision&gt;true&lt;/HighPrecision&gt;&lt;LeftLongitude&gt;-180&lt;/LeftLongitude&gt;&lt;WKID&gt;4326&lt;/WKID&gt;&lt;LatestWKID&gt;4326&lt;/LatestWKID&gt;&lt;VCSWKID&gt;115700&lt;/VCSWKID&gt;&lt;LatestVCSWKID&gt;115700&lt;/LatestVCSWKID&gt;&lt;/GeographicCoordinateSystem&gt;</peXml><csUnits Sync="TRUE">Angular Unit: Degree (0.017453)</csUnits></coordRef></DataProperties><ArcGISFormat>1.0</ArcGISFormat><ArcGISstyle>ISO 19139 Metadata Implementation Specification</ArcGISstyle></Esri><dataIdInfo><envirDesc Sync="TRUE">Microsoft Windows 7 Version 6.1 (Build 7601) Service Pack 1; Esri ArcGIS 10.1.0.3035</envirDesc><dataLang><languageCode Sync="TRUE" value="eng" country="USA"></languageCode><countryCode value="USA" Sync="TRUE"></countryCode></dataLang><idCitation><resTitle Sync="TRUE">Union_Council</resTitle><presForm><PresFormCd Sync="TRUE" value="005"></PresFormCd></presForm></idCitation><spatRpType><SpatRepTypCd Sync="TRUE" value="001"></SpatRepTypCd></spatRpType><dataExt><geoEle><GeoBndBox esriExtentType="search"><westBL Sync="TRUE">67.113045</westBL><eastBL Sync="TRUE">74.131949</eastBL><northBL Sync="TRUE">36.908575</northBL><southBL Sync="TRUE">23.694683</southBL><exTypeCode Sync="TRUE">1</exTypeCode></GeoBndBox></geoEle></dataExt><geoBox esriExtentType="decdegrees"><westBL Sync="TRUE">67.123372</westBL><eastBL Sync="TRUE">74.131949</eastBL><northBL Sync="TRUE">36.908575</northBL><southBL Sync="TRUE">23.694683</southBL><exTypeCode Sync="TRUE">1</exTypeCode></geoBox><descKeys><thesaName uuidref="723f6998-058e-11dc-8314-0800200c9a66"></thesaName><keyword Sync="TRUE">002</keyword></descKeys></dataIdInfo><mdLang><languageCode Sync="TRUE" value="eng"></languageCode><countryCode value="USA" Sync="TRUE"></countryCode></mdLang><mdStanName Sync="TRUE">ISO 19115 Geographic Information - Metadata</mdStanName><mdStanVer Sync="TRUE">DIS_ESRI1.0</mdStanVer><mdChar><CharSetCd Sync="TRUE" value="004"></CharSetCd></mdChar><mdHrLv><ScopeCd Sync="TRUE" value="005"></ScopeCd></mdHrLv><mdHrLvName Sync="TRUE">dataset</mdHrLvName><distInfo><distributor><distorTran><onLineSrc><orDesc Sync="TRUE">002</orDesc><linkage Sync="TRUE">file://\\172.18.155.152\information management\admin1_5_pco_20110303\Pak_adm4_floodAffected_pco_20110324.shp</linkage><protocol Sync="TRUE">Local Area Network</protocol></onLineSrc><transSize Sync="TRUE">3.453</transSize></distorTran><distorFormat><formatName Sync="TRUE">Shapefile</formatName></distorFormat></distributor><distFormat><formatName Sync="TRUE">Shapefile</formatName></distFormat><distTranOps><transSize Sync="TRUE">0.000</transSize></distTranOps></distInfo><refSysInfo><RefSystem><refSysID><identCode Sync="TRUE" code="4326" value="4326">GCS_WGS_1984</identCode><idCodeSpace Sync="TRUE">EPSG</idCodeSpace><idVersion Sync="TRUE">7.9.4</idVersion></refSysID></RefSystem></refSysInfo><spatRepInfo><VectSpatRep><geometObjs Name="Union_Council"><geoObjTyp><GeoObjTypCd value="002" Sync="TRUE"></GeoObjTypCd></geoObjTyp><geoObjCnt Sync="TRUE">0</geoObjCnt></geometObjs><topLvl><TopoLevCd value="001" Sync="TRUE"></TopoLevCd></topLvl></VectSpatRep></spatRepInfo><mdDateSt Sync="TRUE">20170813</mdDateSt></metadata>
